Date,OPEN,HIGH,LOW,CLOSE
2002-01-25,13.56,15.39,13.39,14.44
2002-01-28,14.86,15.77,14.76,15.5
2002-01-29,15.54,15.55,13.97,14.22
2002-01-30,13.98,14.25,13.2,13.9
2002-01-31,14.12,14.49,13.41,14.19
2002-02-01,14.07,14.09,13.35,13.73
2002-02-04,12.91,13.09,12.43,12.53
2002-02-05,11.98,12.29,11.16,11.5
2002-02-06,11.9,12.0,11.2,11.26
2002-02-07,11.25,11.85,11.06,11.24
2002-02-08,11.51,12.67,11.5,12.52
2002-02-11,12.64,13.5,12.54,13.3
2002-02-12,13.03,13.24,12.5,12.9
2002-02-13,13.1,13.33,13.06,13.29
2002-02-14,13.34,14.26,13.3,13.88
2002-02-15,13.91,14.04,13.27,13.41
2002-02-19,12.95,13.84,12.8,13.01
2002-02-20,13.19,13.4,12.15,12.96
2002-02-21,12.91,13.65,12.9,13.26
2002-02-22,13.05,13.23,12.7,13.07
2002-02-25,13.09,13.74,13.0,13.73
2002-02-26,13.51,14.49,13.45,14.4
2002-02-27,14.55,14.73,14.12,14.27
2002-02-28,14.29,14.75,13.93,14.1
2002-03-01,14.13,15.4,14.12,15.39
2002-03-04,15.42,16.49,15.4,16.48
2002-03-05,16.0,16.68,15.53,15.97
2002-03-06,14.82,16.59,14.82,16.33
2002-03-07,16.41,16.95,15.4,15.62
2002-03-08,16.25,16.96,15.93,16.35
2002-03-11,16.04,16.88,15.86,16.71
2002-03-12,16.35,16.59,16.04,16.31
2002-03-13,16.05,16.34,15.64,15.74
2002-03-14,14.99,15.5,14.28,14.48
2002-03-15,14.27,14.29,13.55,14.03
2002-03-18,14.15,15.28,14.14,15.01
2002-03-19,15.15,15.4,14.56,14.66
2002-03-20,14.48,15.13,14.3,14.5
2002-03-21,14.62,15.24,14.56,15.17
2002-03-22,15.12,15.603,15.1,15.53
2002-03-25,15.47,15.73,14.72,14.74
2002-03-26,14.64,15.45,14.55,14.83
2002-03-27,13.9,14.35,13.7,14.25
2002-03-28,14.4,14.65,14.25,14.3
2002-04-01,14.28,14.8,14.14,14.8
2002-04-02,14.64,15.09,14.19,14.25
2002-04-03,14.37,14.45,13.6,13.67
2002-04-04,13.73,13.8,13.23,13.54
2002-04-05,13.67,14.04,13.31,13.5
2002-04-08,12.97,13.96,12.96,13.95
2002-04-09,14.07,14.59,13.56,13.6
2002-04-10,13.76,14.0,13.05,13.48
2002-04-11,13.28,13.28,12.52,12.74
2002-04-12,12.9,13.61,12.85,13.31
2002-04-15,13.42,14.1,13.35,13.89
2002-04-16,14.18,14.29,13.72,14.01
2002-04-17,14.24,15.0,14.24,14.82
2002-04-18,14.7,14.86,13.95,14.26
2002-04-19,14.38,14.74,14.15,14.53
2002-04-22,14.58,14.85,14.15,14.31
2002-04-23,14.35,14.75,13.88,14.06
2002-04-24,15.23,16.85,15.05,16.79
2002-04-25,16.51,17.05,16.41,16.82
2002-04-26,16.86,16.95,16.32,16.91
2002-04-29,16.75,17.0,15.9,16.18
2002-04-30,16.13,16.76,15.93,16.69
2002-05-01,16.55,17.05,16.42,16.49
2002-05-02,16.43,16.65,16.25,16.32
2002-05-03,16.23,16.4,15.75,16.05
2002-05-06,15.94,16.49,15.75,16.12
2002-05-07,16.11,16.35,16.032,16.11
2002-05-08,16.55,17.46,16.5,17.32
2002-05-09,17.12,18.23,17.1,17.73
2002-05-10,17.89,17.96,16.8,16.94
2002-05-13,17.17,17.63,16.85,17.32
2002-05-14,18.04,19.45,18.02,18.81
2002-05-15,18.68,20.4,18.35,19.94
2002-05-16,19.51,19.95,19.29,19.61
2002-05-17,19.97,20.0,18.81,19.16
2002-05-20,18.8,19.48,18.77,19.39
2002-05-21,19.54,19.8,18.55,18.76
2002-05-22,18.67,19.13,18.22,18.75
2002-05-23,18.84,19.55,18.61,19.45
2002-05-24,19.4,19.69,19.06,19.47
2002-05-28,19.57,19.61,18.77,19.06
2002-05-29,18.82,19.1,18.8,18.91
2002-05-30,18.7,18.94,18.08,18.37
2002-05-31,18.5,18.89,18.2,18.23
2002-06-03,18.31,18.5,17.93,17.96
2002-06-04,17.8,18.14,17.47,17.97
2002-06-05,17.98,18.18,17.45,17.99
2002-06-06,17.89,18.41,17.76,18.17
2002-06-07,17.89,18.65,17.85,18.58
2002-06-10,17.9,18.12,17.02,17.3
2002-06-11,17.31,17.79,17.129,17.14
2002-06-12,17.05,17.15,16.26,17.08
2002-06-13,17.0,17.5,16.74,17.43
2002-06-14,17.14,17.4,16.26,16.82
2002-06-17,16.95,18.48,16.86,18.41
2002-06-18,18.13,19.16,18.09,18.78
2002-06-19,18.49,19.1,18.27,18.3
2002-06-20,18.32,18.38,17.34,17.55
2002-06-21,17.6,17.79,17.34,17.53
2002-06-24,17.43,17.78,16.94,17.51
2002-06-25,16.89,16.95,15.04,15.34
2002-06-26,14.69,15.93,14.68,15.85
2002-06-27,16.11,16.47,15.3,15.86
2002-06-28,15.69,16.36,15.4,16.25
2002-07-01,16.17,16.17,13.52,13.55
2002-07-02,13.6,14.16,13.0,13.32
2002-07-03,13.38,14.46,12.89,14.25
2002-07-05,14.39,15.23,14.37,15.21
2002-07-08,14.95,15.85,14.68,14.94
2002-07-09,15.05,16.03,14.988,15.6
2002-07-10,15.65,15.94,14.65,14.96
2002-07-11,14.66,15.84,14.0,15.55
2002-07-12,15.75,16.19,15.25,15.43
2002-07-15,15.47,15.98,15.0,15.94
2002-07-16,15.69,17.077,15.66,16.29
2002-07-17,16.84,17.16,15.32,16.16
2002-07-18,15.92,16.59,15.53,15.55
2002-07-19,15.36,15.717,15.07,15.29
2002-07-22,15.15,15.65,15.0,15.5
2002-07-23,15.54,15.88,14.4,14.55
2002-07-24,12.37,14.16,12.26,14.1
2002-07-25,13.71,14.01,12.4,12.49
2002-07-26,12.72,13.11,12.5,12.93
2002-07-29,13.25,14.46,13.23,14.33
2002-07-30,14.19,14.9,14.08,14.77
2002-07-31,14.45,14.66,14.14,14.459
2002-08-01,14.31,14.5,13.99,14.16
2002-08-02,14.1301,14.14,13.45,13.84
2002-08-05,13.65,13.79,12.78,12.87
2002-08-06,13.27,13.9,13.14,13.74
2002-08-07,13.93,13.94,12.85,13.6
2002-08-08,13.24,14.1,13.06,13.9
2002-08-09,13.61,14.75,13.6,14.26
2002-08-12,14.14,14.49,13.95,14.46
2002-08-13,14.3,14.67,13.908,13.93
2002-08-14,13.94,14.06,13.32,13.91
2002-08-15,14.05,14.75,13.92,14.62
2002-08-16,14.39,15.01,14.31,14.9
2002-08-19,14.85,15.52,14.67,15.5
2002-08-20,15.38,15.99,15.31,15.92
2002-08-21,15.95,15.97,15.2,15.38
2002-08-22,15.34,15.95,14.92,15.73
2002-08-23,15.6,15.72,14.95,15.17
2002-08-26,15.29,15.44,14.68,14.93
2002-08-27,15.04,15.27,14.5,14.52
2002-08-28,14.48,14.97,14.35,14.57
2002-08-29,14.43,15.19,14.21,15.17
2002-08-30,14.91,15.38,14.75,14.94
2002-09-03,14.71,15.03,14.49,14.6
2002-09-04,14.66,14.96,14.26,14.83
2002-09-05,14.58,14.72,14.24,14.25
2002-09-06,14.56,15.48,14.56,15.31
2002-09-09,15.12,16.65,15.06,16.51
2002-09-10,16.53,17.35,16.42,17.13
2002-09-11,17.15,17.85,17.04,17.11
2002-09-12,16.83,17.13,16.61,16.75
2002-09-13,16.69,16.99,16.5,16.61
2002-09-16,16.51,16.93,16.45,16.71
2002-09-17,17.0,17.75,16.77,17.35
2002-09-18,17.22,17.93,16.95,17.73
2002-09-19,17.4,17.64,17.17,17.21
2002-09-20,17.45,17.64,15.45,15.86
2002-09-23,15.6,16.44,15.59,16.05
2002-09-24,15.87,16.37,15.6,15.93
2002-09-25,16.17,16.39,15.29,15.73
2002-09-26,15.92,17.35,15.71,17.15
2002-09-27,16.85,17.402,16.82,17.01
2002-09-30,16.64,16.85,15.85,15.93
2002-10-01,16.23,17.06,16.01,16.95
2002-10-02,16.81,17.64,16.7,17.01
2002-10-03,16.79,17.25,16.66,16.75
2002-10-04,16.95,17.15,16.38,16.55
2002-10-07,16.55,16.96,16.37,16.64
2002-10-08,16.88,17.062,16.46,16.94
2002-10-09,16.7,17.13,16.6,16.86
2002-10-10,17.16,17.97,17.15,17.96
2002-10-11,18.15,18.74,18.1,18.46
2002-10-14,18.18,19.23,18.17,19.2
2002-10-15,19.84,20.14,18.65,18.94
2002-10-16,18.27,19.66,18.25,19.49
2002-10-17,20.1,20.22,18.43,18.74
2002-10-18,18.48,19.29,18.36,19.04
2002-10-21,18.89,19.53,18.726,19.26
2002-10-22,19.01,19.91,18.9,19.38
2002-10-23,19.47,19.82,19.37,19.75
2002-10-24,19.95,20.26,19.8,19.86
2002-10-25,18.84,19.36,18.487,19.3
2002-10-28,19.28,19.73,18.4,18.59
2002-10-29,18.51,18.92,18.07,18.57
2002-10-30,18.85,19.22,18.47,19.08
2002-10-31,19.04,19.48,18.85,19.36
2002-11-01,19.29,19.9,19.09,19.8
2002-11-04,19.398,19.81,18.59,18.78
2002-11-05,18.61,18.87,18.2,18.72
2002-11-06,18.77,19.39,18.26,19.34
2002-11-07,18.85,19.3,18.77,19.12
2002-11-08,19.04,19.665,18.81,19.51
2002-11-11,19.4,19.55,18.8,19.0
2002-11-12,19.01,19.99,19.01,19.82
2002-11-13,19.61,21.0,19.61,20.41
2002-11-14,20.98,21.49,20.95,21.21
2002-11-15,21.15,22.35,21.09,22.21
2002-11-18,22.51,23.74,22.15,22.42
2002-11-19,21.88,21.89,21.23,21.29
2002-11-20,21.35,23.0,21.22,22.9
2002-11-21,23.33,23.85,23.21,23.4
2002-11-22,23.2,24.28,23.1,23.99
2002-11-25,24.03,24.5,23.82,24.25
2002-11-26,24.02,24.209,23.38,23.4
2002-11-27,23.72,24.24,23.71,24.08
2002-11-29,24.15,24.38,23.33,23.35
2002-12-02,24.15,25.0,24.0,24.11
2002-12-03,23.83,23.98,23.38,23.74
2002-12-04,23.48,23.8,22.96,23.39
2002-12-05,23.66,23.68,22.2,22.58
2002-12-06,21.7,22.69,21.51,22.61
2002-12-09,22.23,22.35,21.6,21.68
2002-12-10,21.96,21.99,21.24,21.86
2002-12-11,21.67,22.38,21.62,22.13
2002-12-12,22.47,22.62,21.81,22.3
2002-12-13,21.95,22.35,21.87,22.18
2002-12-16,22.23,22.53,22.04,22.51
2002-12-17,22.33,22.56,22.32,22.46
2002-12-18,22.25,22.26,21.98,22.1
2002-12-19,21.63,22.2,21.53,21.69
2002-12-20,21.79,22.01,21.605,21.93
2002-12-23,21.78,22.47,21.78,22.24
2002-12-24,22.18,22.28,21.88,21.88
2002-12-26,21.59,21.6,20.0,20.3
2002-12-27,19.97,20.1,18.43,18.86
2002-12-30,18.85,19.4,18.74,19.25
2002-12-31,19.25,19.56,18.83,18.89
2003-01-02,19.19,19.68,18.55,19.57
2003-01-03,19.59,20.53,19.41,20.52
2003-01-06,20.4,21.17,20.3,20.7
2003-01-07,20.83,21.75,20.6,21.55
2003-01-08,21.44,21.6,20.82,21.02
2003-01-09,21.08,21.7,20.9,21.45
2003-01-10,20.96,21.669,20.81,21.32
2003-01-13,21.33,22.1,21.25,22.04
2003-01-14,21.85,22.76,21.66,22.74
2003-01-15,22.59,22.61,21.94,22.27
2003-01-16,21.69,22.1,21.45,21.8
2003-01-17,21.46,21.71,21.23,21.4
2003-01-21,21.25,21.61,20.36,21.08
2003-01-22,20.77,21.7,20.75,21.17
2003-01-23,21.54,22.04,21.15,21.79
2003-01-24,22.59,23.289,21.9,22.11
2003-01-27,21.68,22.37,21.64,21.78
2003-01-28,21.91,21.97,21.23,21.62
2003-01-29,21.55,22.35,21.4,22.08
2003-01-30,22.2,22.4,21.7397,21.82
2003-01-31,21.64,22.27,21.56,21.85
2003-02-03,21.94,22.44,21.82,22.16
2003-02-04,21.94,22.14,21.57,22.05
2003-02-05,22.18,22.5,22.034,22.17
2003-02-06,22.16,22.48,21.93,22.09
2003-02-07,22.1,22.11,21.2,21.44
2003-02-10,21.4,21.41,20.57,21.4
2003-02-11,21.56,21.6,20.69,20.78
2003-02-12,20.79,21.2,20.66,21.13
2003-02-13,20.95,21.0,19.61,20.06
2003-02-14,19.99,20.23,19.71,20.06
2003-02-18,20.15,21.41,20.15,21.39
2003-02-19,21.15,21.25,21.02,21.19
2003-02-20,21.19,21.502,21.09,21.36
2003-02-21,21.36,21.83,21.04,21.78
2003-02-24,21.64,22.18,21.64,21.78
2003-02-25,21.5,22.0,21.4,21.88
2003-02-26,21.63,21.98,21.62,21.64
2003-02-27,21.66,21.77,20.25,21.62
2003-02-28,21.57,22.02,21.43,22.01
2003-03-03,22.15,22.61,21.74,21.81
2003-03-04,21.7,22.35,21.36,22.27
2003-03-05,22.08,22.62,22.02,22.42
2003-03-06,22.32,22.85,22.12,22.69
2003-03-07,22.32,23.04,22.26,22.97
2003-03-10,22.6,22.96,22.55,22.88
2003-03-11,22.75,22.92,22.519,22.78
2003-03-12,22.51,23.38,22.49,23.36
2003-03-13,23.68,24.59,23.13,24.42
2003-03-14,24.54,24.9,24.2,24.71
2003-03-17,24.47,26.84,24.4,26.55
2003-03-18,26.46,26.84,26.1,26.78
2003-03-19,26.331,26.69,26.165,26.54
2003-03-20,26.34,27.63,26.13,27.45
2003-03-21,27.71,27.95,27.04,27.93
2003-03-24,27.07,27.269,26.2,26.23
2003-03-25,26.26,27.09,26.21,26.9
2003-03-26,26.88,27.87,26.71,27.76
2003-03-27,27.59,28.04,27.45,27.77
2003-03-28,27.59,27.95,27.1,27.18
2003-03-31,26.57,26.74,25.96,26.03
2003-04-01,25.55,25.59,25.06,25.54
2003-04-02,25.98,26.48,25.846,26.38
2003-04-03,26.51,27.09,26.02,26.65
2003-04-04,26.71,26.83,25.95,26.22
2003-04-07,27.21,27.56,26.75,26.82
2003-04-08,26.79,26.8,26.45,26.52
2003-04-09,26.351,26.37,24.84,25.06
2003-04-10,25.43,25.94,24.78,25.67
2003-04-11,25.85,26.24,25.42,25.75
2003-04-14,24.8,25.15,24.5,25.05
2003-04-15,24.89,25.43,24.82,25.13
2003-04-16,25.3,25.5,24.13,24.38
2003-04-17,24.47,25.01,24.35,24.99
2003-04-21,25.03,26.17,24.9,25.25
2003-04-22,25.09,25.69,24.82,25.58
2003-04-23,26.4,26.55,25.36,25.43
2003-04-24,25.4,25.629,24.77,25.12
2003-04-25,28.0,29.0,27.82,28.97
2003-04-28,28.64,29.19,28.6,29.11
2003-04-29,28.91,29.04,28.61,28.89
2003-04-30,28.6,29.0,28.38,28.69
2003-05-01,28.68,28.7,28.15,28.66
2003-05-02,28.63,29.4599,28.55,29.43
2003-05-05,29.47,30.05,29.01,29.96
2003-05-06,29.87,31.18,29.8,30.88
2003-05-07,30.66,30.86,30.03,30.7
2003-05-08,30.36,30.764,30.22,30.45
2003-05-09,30.46,30.99,30.2,30.965
2003-05-12,30.83,31.8,30.67,31.7
2003-05-13,31.55,33.49,31.44,32.95
2003-05-14,33.14,33.19,32.44,32.6
2003-05-15,32.64,32.75,32.2,32.63
2003-05-16,32.51,33.161,32.38,33.05
2003-05-19,32.7,32.97,31.4,31.56
2003-05-20,31.56,32.13,31.17,31.48
2003-05-21,31.34,31.84,31.16,31.75
2003-05-22,31.75,33.299,31.29,33.0
2003-05-23,33.03,33.05,32.47,32.72
2003-05-27,32.55,35.03,32.45,34.85
2003-05-28,34.88,35.73,34.65,34.86
2003-05-29,34.89,35.97,34.7,35.55
2003-05-30,35.61,36.09,34.999,35.89
2003-06-02,36.5,36.678,35.35,35.4
2003-06-03,34.71,35.309,34.68,35.23
2003-06-04,35.0,35.6,34.7,35.39
2003-06-05,35.16,35.84,34.61,35.52
2003-06-06,36.04,36.26,33.25,33.35
2003-06-09,34.47,34.47,33.08,33.68
2003-06-10,34.02,34.38,32.83,34.07
2003-06-11,33.97,34.81,33.6,34.65
2003-06-12,35.3,35.4,34.71,35.201
2003-06-13,35.4,35.45,34.05,34.13
2003-06-16,34.57,35.85,34.08,35.84
2003-06-17,35.93,36.37,35.25,35.84
2003-06-18,35.5,37.24,35.35,35.85
2003-06-19,35.8,36.75,35.38,35.5
2003-06-20,35.8,35.875,34.84,35.04
2003-06-23,35.48,35.86,35.03,35.58
2003-06-24,35.37,35.82,34.54,35.4
2003-06-25,35.3,36.13,35.15,35.39
2003-06-26,35.21,36.84,35.06,36.72
2003-06-27,36.69,37.09,36.18,36.3
2003-06-30,36.63,36.821,36.02,36.32
2003-07-01,36.33,37.29,35.7,37.25
2003-07-02,37.6,37.89,37.14,37.85
2003-07-03,37.02,38.16,37.02,37.92
2003-07-07,38.3,39.1,37.95,39.05
2003-07-08,38.76,40.83,38.75,40.51
2003-07-09,40.54,40.73,39.87,40.5
2003-07-10,39.12,39.5,38.2,38.25
2003-07-11,38.3,38.3,37.1,37.65
2003-07-14,38.5,39.61,38.24,39.27
2003-07-15,39.61,39.61,37.62,38.43
2003-07-16,38.52,38.52,37.32,37.68
2003-07-17,37.15,37.3,36.04,36.32
2003-07-18,36.32,36.85,34.79,34.9798
2003-07-21,34.71,36.0,34.6,35.33
2003-07-22,35.7,36.0,34.0,34.87
2003-07-23,37.75,40.25,37.35,40.11
2003-07-24,41.05,43.1,40.58,41.31
2003-07-25,40.74,41.65,39.75,41.6
2003-07-28,41.49,42.18,40.87,42.08
2003-07-29,41.99,42.5,41.06,41.39
2003-07-30,41.15,41.27,40.45,40.66
2003-07-31,41.35,41.97,40.67,41.64
2003-08-01,41.41,41.63,39.78,40.03
2003-08-04,39.7,40.29,38.95,39.65
2003-08-05,39.24,39.85,38.63,38.67
2003-08-06,38.62,39.95,38.28,38.94
2003-08-07,39.0,39.34,38.59,39.01
2003-08-08,39.13,39.4,38.63,39.15
2003-08-11,38.99,39.04,38.35,38.93
2003-08-12,38.95,39.96,38.31,39.85
2003-08-13,40.25,40.47,39.71,40.21
2003-08-14,39.92,40.37,39.65,40.3
2003-08-15,40.23,40.38,39.97,40.1
2003-08-18,40.48,43.24,40.38,43.02
2003-08-19,43.45,44.19,42.92,43.57
2003-08-20,43.06,43.939,43.01,43.76
2003-08-21,44.22,45.91,43.87,45.7
2003-08-22,46.36,46.95,44.81,45.22
2003-08-25,44.85,46.16,44.53,45.85
2003-08-26,45.65,46.14,45.11,45.93
2003-08-27,45.77,46.07,45.26,45.88
2003-08-28,45.94,46.0,44.81,45.94
2003-08-29,45.82,46.44,45.72,46.32
2003-09-02,46.52,47.45,46.01,47.33
2003-09-03,47.58,47.75,45.86,46.19
2003-09-04,46.2,47.39,46.04,47.29
2003-09-05,46.95,47.48,46.1,46.52
2003-09-08,46.5,47.35,46.06,47.28
2003-09-09,47.1,47.38,46.3,46.68
2003-09-10,46.26,47.23,46.06,46.22
2003-09-11,46.2,46.35,44.77,45.19
2003-09-12,44.85,45.781,44.73,45.68
2003-09-15,45.36,45.77,45.23,45.51
2003-09-16,45.4,46.25,45.05,46.24
2003-09-17,46.21,46.86,45.545,46.16
2003-09-18,46.16,48.24,45.94,47.89
2003-09-19,47.87,47.97,47.35,47.58
2003-09-22,46.56,47.53,46.2,47.468
2003-09-23,47.41,50.92,47.35,50.44
2003-09-24,50.35,51.3,49.6,49.61
2003-09-25,49.66,50.95,49.28,50.05
2003-09-26,49.9,50.46,48.3,48.56
2003-09-29,48.85,49.97,48.4,49.86
2003-09-30,49.65,49.76,48.35,48.43
2003-10-01,48.37,49.28,47.51,49.12
2003-10-02,48.94,50.2,48.68,50.09
2003-10-03,51.13,53.22,51.03,52.89
2003-10-06,52.89,54.24,52.59,54.15
2003-10-07,54.0,56.25,53.95,54.91
2003-10-08,55.44,56.28,55.12,55.7
2003-10-09,57.41,59.1,57.4,57.86
2003-10-10,57.7,58.33,57.439,58.06
2003-10-13,57.94,58.69,57.44,58.3
2003-10-14,58.1,59.98,57.8,59.91
2003-10-15,60.39,60.41,58.43,58.54
2003-10-16,58.16,59.91,58.09,59.91
2003-10-17,59.3,59.9,58.65,59.69
2003-10-20,59.56,60.24,58.92,59.59
2003-10-21,59.73,61.15,59.01,59.35
2003-10-22,56.06,56.15,53.73,54.03
2003-10-23,52.98,54.52,52.91,54.32
2003-10-24,54.55,54.94,53.0,54.509
2003-10-27,54.9,55.25,54.5,54.82
2003-10-28,55.19,56.9,54.549,56.73
2003-10-29,56.65,57.15,56.0,56.69
2003-10-30,57.4,57.52,55.57,55.83
2003-10-31,55.9,56.13,54.38,54.43
2003-11-03,54.8,56.8,54.31,56.74
2003-11-04,56.7,57.49,56.06,56.86
2003-11-05,56.13,56.99,56.08,56.74
2003-11-06,56.81,56.87,54.75,54.99
2003-11-07,55.61,55.7,54.0,54.31
2003-11-10,53.95,54.0,51.736,51.98
2003-11-11,51.84,52.75,50.76,52.23
2003-11-12,52.57,54.29,52.11,54.13
2003-11-13,54.04,55.13,53.57,54.8
2003-11-14,54.43,54.78,52.21,52.45
2003-11-17,51.92,52.19,49.58,50.36
2003-11-18,50.73,50.978,48.45,48.5
2003-11-19,48.71,49.85,47.67,49.53
2003-11-20,49.1,50.46,48.34,48.85
2003-11-21,49.002,49.2,47.76,48.58
2003-11-24,49.28,51.45,48.65,51.33
2003-11-25,51.35,53.3,51.25,52.47
2003-11-26,52.83,53.54,51.869,52.96
2003-11-28,52.84,54.06,52.83,53.97
2003-12-01,54.4,54.75,53.049,54.65
2003-12-02,54.5,54.75,53.85,53.93
2003-12-03,54.1,54.25,51.36,51.51
2003-12-04,51.45,52.43,50.75,51.8
2003-12-05,51.2,52.7,51.2,51.56
2003-12-08,51.55,52.2,50.12,51.08
2003-12-09,51.17,51.65,49.3,49.34
2003-12-10,49.45,50.17,48.31,49.2
2003-12-11,49.26,51.15,49.19,50.8
2003-12-12,50.99,51.31,49.92,50.99
2003-12-15,52.05,52.25,50.05,50.41
2003-12-16,49.6,49.8,48.63,49.5
2003-12-17,49.47,49.61,47.0,47.58
2003-12-18,47.61,48.89,47.45,48.75
2003-12-19,48.8,49.41,48.26,49.24
2003-12-22,48.98,50.1,48.7,49.89
2003-12-23,50.02,52.62,49.77,52.48
2003-12-24,52.3,53.88,52.15,53.32
2003-12-26,54.14,54.94,53.14,53.47
2003-12-29,53.79,53.84,52.13,53.47
2003-12-30,53.18,53.5,52.6,52.83
2003-12-31,52.82,53.48,52.4,52.62
2004-01-02,52.76,53.13,51.43,51.9
2004-01-05,51.99,53.6,51.37,53.27
2004-01-06,53.11,53.5,52.74,53.03
2004-01-07,52.18,52.66,50.94,51.9
2004-01-08,52.09,52.095,50.03,50.24
2004-01-09,49.77,52.15,49.1,51.59
2004-01-12,51.65,53.03,50.8,52.95
2004-01-13,52.67,54.99,52.41,54.91
2004-01-14,54.62,55.99,54.15,55.8
2004-01-15,54.73,56.78,54.62,56.18
2004-01-16,56.23,56.37,55.27,55.72
2004-01-20,55.57,56.84,55.41,56.61
2004-01-21,56.15,56.94,55.64,56.2
2004-01-22,56.81,57.82,56.24,57.18
2004-01-23,57.1,57.61,56.62,57.11
2004-01-26,56.81,57.2,56.3,57.03
2004-01-27,56.75,57.74,55.66,55.74
2004-01-28,53.74,54.45,51.62,51.96
2004-01-29,52.03,52.06,48.6,49.22
2004-01-30,49.3,51.37,49.3,50.4
2004-02-02,50.56,50.65,47.95,48.27
2004-02-03,48.19,48.28,44.52,44.94
2004-02-04,44.8,45.91,44.3,45.39
2004-02-05,46.03,47.09,45.904,46.04
2004-02-06,46.2,46.73,45.51,46.35
2004-02-09,46.75,46.8,45.7,45.86
2004-02-10,45.85,46.25,45.51,45.59
2004-02-11,45.86,47.363,45.54,47.14
2004-02-12,47.0,48.1,46.71,47.06
2004-02-13,47.29,47.7,46.24,46.38
2004-02-17,46.14,46.45,44.8,45.53
2004-02-18,45.36,45.37,44.64,44.87
2004-02-19,45.15,46.16,44.65,44.65
2004-02-20,44.8,45.38,44.73,45.17
2004-02-23,45.19,45.253,43.35,43.969
2004-02-24,43.9,43.94,42.23,42.32
2004-02-25,42.5,43.29,42.5,42.94
2004-02-26,43.0,43.85,43.0,43.65
2004-02-27,43.43,43.6,42.52,43.01
2004-03-01,42.88,43.48,42.58,42.97
2004-03-02,42.73,43.49,41.86,42.01
2004-03-03,41.72,43.38,41.65,43.17
2004-03-04,43.16,44.47,43.1,44.39
2004-03-05,43.72,44.83,43.53,44.09
2004-03-08,43.99,45.06,43.13,43.5
2004-03-09,43.28,43.89,42.27,42.71
2004-03-10,42.72,43.2,41.46,41.55
2004-03-11,41.09,42.37,41.04,41.28
2004-03-12,41.35,42.61,41.3,42.44
2004-03-15,42.26,42.8,40.92,41.08
2004-03-16,41.46,42.36,41.26,42.13
2004-03-17,43.0,43.45,42.59,42.8
2004-03-18,42.53,43.2,42.21,43.01
2004-03-19,43.08,43.75,42.63,42.8
2004-03-22,41.75,41.85,40.51,40.85
2004-03-23,41.21,41.74,39.85,40.23
2004-03-24,40.35,40.38,39.15,39.63
2004-03-25,40.0,42.2,40.0,41.99
2004-03-26,42.01,42.49,41.29,41.7
2004-03-29,42.07,42.8,41.97,42.76
2004-03-30,42.71,43.93,42.56,43.8
2004-03-31,43.85,44.0,42.95,43.28
2004-04-01,43.44,44.84,43.3,44.74
2004-04-02,45.87,46.25,45.25,46.09
2004-04-05,45.67,47.09,45.59,46.96
2004-04-06,46.31,46.97,45.75,46.44
2004-04-07,46.2,46.8,45.39,45.85
2004-04-08,47.84,48.15,47.0,48.1
2004-04-12,48.05,48.37,47.57,47.96
2004-04-13,48.0,48.34,46.36,46.58
2004-04-14,45.98,47.66,45.98,46.79
2004-04-15,46.94,47.6,46.0,46.99
2004-04-16,47.07,47.1,45.3337,45.5
2004-04-19,45.36,47.27,45.12,47.11
2004-04-20,47.62,47.81,45.18,45.2
2004-04-21,45.25,46.49,44.91,45.72
2004-04-22,45.95,49.1,45.89,48.86
2004-04-23,45.9,46.8873,45.51,46.29
2004-04-26,46.2494,47.76,46.15,47.25
2004-04-27,47.63,48.8,46.79,48.0
2004-04-28,47.62,48.35,46.64,46.97
2004-04-29,46.93,47.08,45.51,46.19
2004-04-30,46.06,46.35,43.31,43.6
2004-05-03,43.45,45.15,43.41,44.41
2004-05-04,44.41,44.57,43.7,43.95
2004-05-05,43.97,45.05,43.95,44.26
2004-05-06,43.56,44.25,42.77,43.14
2004-05-07,42.96,44.18,41.68,41.9
2004-05-10,41.25,42.147,40.57,41.26
2004-05-11,41.91,43.04,41.9,42.7
2004-05-12,41.98,43.15,41.25,43.02
2004-05-13,42.48,44.13,42.25,43.61
2004-05-14,43.65,43.92,42.76,43.05
2004-05-17,42.24,42.59,41.7,42.08
2004-05-18,42.24,42.4,41.83,41.99
2004-05-19,42.3773,43.27,41.47,41.69
2004-05-20,41.65,41.97,40.8,40.98
2004-05-21,41.18,41.48,40.55,41.17
2004-05-24,41.24,42.3,41.17,41.63
2004-05-25,41.75,43.86,41.39,43.62
2004-05-26,43.69,45.0,43.67,44.69
2004-05-27,45.26,47.83,44.85,47.62
2004-05-28,47.27,48.68,46.88,48.5
2004-06-01,47.88,50.45,47.7,50.23
2004-06-02,50.45,51.21,49.77,50.35
2004-06-03,49.93,50.35,49.32,49.4
2004-06-04,50.21,51.51,50.0,50.95
2004-06-07,51.69,51.99,50.65,51.76
2004-06-08,51.4,52.12,51.1,51.94
2004-06-09,51.6,51.83,50.01,50.24
2004-06-10,50.36,50.47,49.26,49.94
2004-06-14,49.45,49.99,49.04,49.25
2004-06-15,49.74,50.6,49.49,50.11
2004-06-16,50.11,50.75,49.91,50.57
2004-06-17,50.49,50.91,49.41,49.77
2004-06-18,49.7,50.28,49.4,49.6
2004-06-21,49.59,50.3,49.25,49.77
2004-06-22,49.63,49.79,48.24,49.0
2004-06-23,48.78,51.0,48.35,50.81
2004-06-24,51.0,51.94,50.69,51.02
2004-06-25,51.02,51.93,50.87,51.8
2004-06-28,52.2,54.04,52.2,53.39
2004-06-29,53.25,53.94,52.65,53.71
2004-06-30,53.7,54.7,53.42,54.4
2004-07-01,53.78,54.04,52.05,52.56
2004-07-02,52.6,53.24,51.83,52.59
2004-07-06,52.4,52.6,50.49,51.24
2004-07-07,50.79,52.03,50.24,51.0
2004-07-08,48.54,49.97,48.47,49.5
2004-07-09,49.82,50.001,47.82,48.32
2004-07-12,48.15,49.35,48.03,49.05
2004-07-13,49.15,49.98,48.87,49.6
2004-07-14,49.06,50.4,48.89,49.5
2004-07-15,49.57,49.67,48.12,48.67
2004-07-16,48.99,49.06,46.78,47.1
2004-07-19,47.26,47.26,45.15,46.02
2004-07-20,46.14,47.85,46.12,46.99
2004-07-21,47.32,47.6,44.52,44.76
2004-07-22,43.7,46.07,43.64,45.82
2004-07-23,42.47,42.76,39.56,39.98
2004-07-26,40.0,40.24,38.33,38.78
2004-07-27,39.18,39.91,38.8,39.11
2004-07-28,39.21,39.57,37.38,37.97
2004-07-29,38.29,38.96,38.02,38.58
2004-07-30,38.5,39.42,38.23,38.92
2004-08-02,38.44,38.76,37.81,38.3
2004-08-03,38.28,39.08,37.23,37.61
2004-08-04,36.86,37.46,36.4,37.12
2004-08-05,37.48,37.48,35.38,35.61
2004-08-06,35.25,36.67,34.85,35.49
2004-08-09,35.34,36.3,34.85,35.32
2004-08-10,35.68,37.2,35.55,37.1
2004-08-11,36.4,36.9,35.6,36.56
2004-08-12,36.21,37.35,36.17,36.29
2004-08-13,36.56,37.0,35.87,36.13
2004-08-16,36.14,38.4,35.98,37.95
2004-08-17,38.49,39.44,37.9,38.23
2004-08-18,37.92,39.54,37.42,39.36
2004-08-19,40.34,40.48,36.35,38.63
2004-08-20,38.45,39.91,38.11,39.51
2004-08-23,39.89,40.0,39.11,39.45
2004-08-24,39.75,39.93,38.32,39.05
2004-08-25,39.01,40.49,38.16,40.3
2004-08-26,40.18,40.83,39.7,40.19
2004-08-27,40.31,40.39,39.6,39.9
2004-08-30,39.85,39.95,38.25,38.31
2004-08-31,38.49,38.85,37.86,38.14
2004-09-01,38.23,39.01,38.02,38.24
2004-09-02,38.03,39.64,37.91,39.18
2004-09-03,39.01,40.01,38.64,38.74
2004-09-07,39.03,39.36,38.11,38.51
2004-09-08,38.42,38.81,37.71,38.01
2004-09-09,38.23,38.31,37.36,38.07
2004-09-10,38.2,38.8,37.9,38.57
2004-09-13,39.131,40.04,38.82,40.01
2004-09-14,40.21,42.75,39.9,42.67
2004-09-15,42.0,43.18,41.87,42.21
2004-09-16,42.45,44.28,42.35,42.57
2004-09-17,42.85,43.26,42.39,42.96
2004-09-20,42.84,43.99,42.61,43.27
2004-09-21,43.5,43.77,42.77,43.293
2004-09-22,43.15,43.24,41.17,41.38
2004-09-23,41.33,42.2,41.11,41.83
2004-09-24,41.81,41.91,40.85,40.94
2004-09-27,40.71,41.01,39.75,39.93
2004-09-28,40.27,40.33,38.97,39.43
2004-09-29,39.45,40.92,39.36,40.84
2004-09-30,40.55,41.28,40.21,40.86
2004-10-01,41.24,41.3,40.39,40.47
2004-10-04,41.3,41.68,40.74,41.01
2004-10-05,40.84,41.25,40.57,40.96
2004-10-06,40.73,41.41,40.4,41.36
2004-10-07,41.43,42.7,40.85,41.15
2004-10-08,40.94,41.19,39.63,40.0
2004-10-11,39.82,40.75,39.41,40.15
2004-10-12,39.55,40.58,39.47,40.22
2004-10-13,41.43,41.55,39.75,39.98
2004-10-14,39.45,39.55,38.73,39.1
2004-10-15,39.3,39.67,37.88,38.55
2004-10-18,38.28,39.47,37.89,39.27
2004-10-19,39.74,39.85,38.17,38.33
2004-10-20,38.11,38.59,37.79,38.35
2004-10-21,39.41,40.19,38.5,39.47
2004-10-22,36.22,36.8,33.0,34.6
2004-10-25,34.09,34.41,33.72,33.97
2004-10-26,34.15,34.26,33.51,33.83
2004-10-27,33.63,34.63,33.62,34.23
2004-10-28,34.24,34.77,34.14,34.45
2004-10-29,34.36,34.45,34.0,34.13
2004-11-01,34.23,35.1526,34.15,35.1
2004-11-02,35.46,36.49,35.14,36.24
2004-11-03,37.21,37.62,35.56,35.92
2004-11-04,35.72,37.29,35.52,36.91
2004-11-05,37.36,37.39,36.02,36.56
2004-11-08,36.75,37.58,36.72,37.32
2004-11-09,36.95,37.81,36.7,37.4
2004-11-10,38.02,38.84,37.83,38.09
2004-11-11,38.09,39.0,37.64,38.83
2004-11-12,39.05,40.94,39.0,40.46
2004-11-15,40.34,41.5,40.18,40.89
2004-11-16,40.5,40.66,39.75,40.07
2004-11-17,40.4,40.59,39.54,39.9
2004-11-18,39.73,40.96,39.59,40.37
2004-11-19,39.15,39.44,38.19,38.55
2004-11-22,38.37,38.53,37.58,38.05
2004-11-23,38.18,39.68,38.03,38.31
2004-11-24,38.87,39.16,38.1,38.75
2004-11-26,38.95,39.34,38.89,39.09
2004-11-29,39.575,39.62,37.71,38.94
2004-11-30,38.97,39.8,38.95,39.68
2004-12-01,40.0,40.0,39.25,39.98
2004-12-02,39.64,40.74,39.28,40.17
2004-12-03,40.36,40.46,39.54,40.09
2004-12-06,39.73,39.98,39.15,39.49
2004-12-07,39.45,39.75,38.05,38.2
2004-12-08,38.32,39.1,37.99,38.72
2004-12-09,38.4,39.95,38.17,39.82
2004-12-10,39.69,40.1,39.0,39.05
2004-12-13,39.31,40.28,38.82,39.83
2004-12-14,40.15,40.47,39.94,40.44
2004-12-15,40.33,41.0,40.21,41.0
2004-12-16,40.88,41.0,39.71,40.05
2004-12-17,40.16,40.22,39.87,40.01
2004-12-20,39.93,40.49,38.81,38.95
2004-12-21,38.84,39.42,38.64,39.39
2004-12-22,38.61,39.59,38.55,39.52
2004-12-23,39.34,39.52,38.92,38.93
2004-12-27,39.52,42.93,39.47,42.25
2004-12-28,43.94,45.12,43.5,44.63
2004-12-29,44.75,45.68,44.44,44.82
2004-12-30,45.0,45.53,44.55,44.97
2004-12-31,45.16,45.49,44.16,44.29
2005-01-03,44.95,45.44,44.21,44.52
2005-01-04,42.62,43.26,41.5,42.14
2005-01-05,41.57,42.76,41.56,41.77
2005-01-06,41.81,42.25,40.9,41.05
2005-01-07,41.33,42.69,41.16,42.32
2005-01-10,41.94,42.96,41.71,41.84
2005-01-11,41.4,42.16,41.01,41.64
2005-01-12,41.49,42.48,40.82,42.3
2005-01-13,42.45,44.58,42.34,42.6
2005-01-14,42.9,44.66,42.36,44.55
2005-01-18,44.24,45.0,44.15,44.58
2005-01-19,44.44,44.74,43.43,43.96
2005-01-20,41.69,42.68,41.64,42.36
2005-01-21,41.96,42.55,41.02,41.16
2005-01-24,41.32,41.95,40.31,40.38
2005-01-25,40.64,41.44,40.45,40.94
2005-01-26,41.18,41.8,40.26,41.34
2005-01-27,41.27,42.4,41.14,42.31
2005-01-28,42.09,43.0,41.53,42.22
2005-01-31,42.44,43.42,42.43,43.22
2005-02-01,43.0,43.27,42.38,42.48
2005-02-02,43.05,43.59,40.86,41.88
2005-02-03,34.9,35.89,34.53,35.75
2005-02-04,35.65,35.98,35.19,35.72
2005-02-07,35.82,35.84,35.55,35.69
2005-02-08,35.54,36.52,35.53,36.3
2005-02-09,36.45,36.8,35.87,35.89
2005-02-10,36.07,36.11,35.53,35.78
2005-02-11,35.57,35.95,35.0,35.78
2005-02-14,35.65,36.63,35.5,36.03
2005-02-15,36.21,36.45,35.75,36.14
2005-02-16,35.93,36.35,35.58,35.66
2005-02-17,35.74,35.85,35.25,35.69
2005-02-18,35.61,35.75,35.1,35.31
2005-02-22,35.02,35.39,34.51,34.72
2005-02-23,34.95,34.97,33.2,34.14
2005-02-24,33.66,34.85,33.66,34.69
2005-02-25,34.72,35.23,34.48,34.99
2005-02-28,34.72,35.66,34.665,35.18
2005-03-01,35.06,35.41,34.82,35.39
2005-03-02,35.39,35.93,35.07,35.5
2005-03-03,35.5,35.96,35.4,35.65
2005-03-04,35.84,36.31,35.7,35.85
2005-03-07,35.94,36.4,35.81,36.32
2005-03-08,36.31,36.4299,35.75,35.83
2005-03-09,35.74,36.5,34.9,35.399
2005-03-10,35.31,35.71,34.57,34.91
2005-03-11,34.81,34.87,34.05,34.75
2005-03-14,34.67,34.75,34.0,34.6
2005-03-15,34.58,34.85,33.9,34.18
2005-03-16,33.88,34.44,33.6,33.87
2005-03-17,33.58,34.44,33.58,33.97
2005-03-18,34.15,34.28,33.65,34.16
2005-03-21,34.21,34.63,33.54,33.67
2005-03-22,33.7,33.94,33.07,33.15
2005-03-23,33.09,33.84,32.82,33.18
2005-03-24,33.4,33.88,32.87,32.88
2005-03-28,33.1,33.65,33.02,33.39
2005-03-29,33.28,34.15,33.23,33.43
2005-03-30,33.59,34.52,33.51,34.32
2005-03-31,34.49,34.55,34.0,34.27
2005-04-01,34.64,34.71,33.78,34.01
2005-04-04,34.0,35.18,33.81,35.0
2005-04-05,35.23,35.34,34.99,35.28
2005-04-06,35.1,35.2,34.62,34.82
2005-04-07,34.68,34.92,34.5,34.9
2005-04-08,34.75,34.93,34.57,34.6
2005-04-11,34.6,35.0,34.36,34.6
2005-04-12,34.4,34.64,33.66,34.63
2005-04-13,34.35,34.71,34.15,34.3
2005-04-14,34.26,34.5,33.88,33.97
2005-04-15,33.96,34.0,33.02,33.02
2005-04-18,32.9,33.58,32.84,33.0
2005-04-19,33.18,33.37,32.01,32.78
2005-04-20,33.1,33.76,32.9,33.25
2005-04-21,33.5,33.89,32.89,33.73
2005-04-22,33.49,33.63,32.91,33.04
2005-04-25,33.13,33.59,33.05,33.53
2005-04-26,33.43,33.98,32.58,32.71
2005-04-27,30.84,31.74,30.6,31.72
2005-04-28,31.66,32.92,31.63,32.52
2005-04-29,32.86,32.89,31.52,32.36
2005-05-02,32.3,33.28,32.1,33.1
2005-05-03,32.94,33.56,32.89,33.21
2005-05-04,33.35,34.12,33.27,33.96
2005-05-05,33.96,34.18,33.59,33.96
2005-05-06,34.24,34.69,34.14,34.52
2005-05-09,34.4,34.8,34.25,34.64
2005-05-10,34.4,34.47,34.02,34.23
2005-05-11,34.3,34.51,33.65,33.82
2005-05-12,33.7,34.12,33.55,33.85
2005-05-13,33.99,34.35,33.8,33.9
2005-05-16,34.03,34.77,33.92,34.54
2005-05-17,34.45,34.82,34.09,34.73
2005-05-18,34.81,35.97,34.73,35.33
2005-05-19,35.37,35.91,35.33,35.59
2005-05-20,35.45,35.6,34.96,35.5
2005-05-23,35.57,36.02,35.39,35.68
2005-05-24,35.48,35.57,35.13,35.54
2005-05-25,35.27,35.45,35.19,35.25
2005-05-26,35.28,35.68,35.17,35.45
2005-05-27,35.22,35.55,35.15,35.5
2005-05-31,35.36,36.04,35.29,35.51
2005-06-01,35.57,36.99,35.44,36.64
2005-06-02,36.33,36.911,36.21,36.41
2005-06-03,36.46,36.5,35.32,35.59
2005-06-06,35.54,36.02,35.48,35.77
2005-06-07,35.91,36.2,35.29,35.35
2005-06-08,35.4,35.48,34.8,34.83
2005-06-09,34.93,35.28,34.4,35.2
2005-06-10,35.25,35.29,34.47,34.95
2005-06-13,34.67,35.41,34.65,34.87
2005-06-14,34.82,35.17,34.79,35.04
2005-06-15,35.34,35.41,34.52,35.24
2005-06-16,35.2,35.81,35.16,35.58
2005-06-17,35.89,36.07,35.16,35.31
2005-06-20,35.05,35.97,35.04,35.69
2005-06-21,35.6,35.81,35.28,35.38
2005-06-22,35.5,35.85,35.14,35.22
2005-06-23,35.14,35.56,35.1,35.43
2005-06-24,35.3,35.44,34.8801,35.02
2005-06-27,34.91,35.05,34.17,34.5
2005-06-28,34.6,34.63,33.59,33.71
2005-06-29,33.84,34.07,33.27,33.35
2005-06-30,33.47,33.56,32.93,33.09
2005-07-01,33.24,33.27,32.79,32.91
2005-07-05,33.5,34.48,33.45,34.08
2005-07-06,33.94,34.4,33.86,34.06
2005-07-07,33.8,34.51,33.8,33.96
2005-07-08,34.11,34.75,33.85,34.74
2005-07-11,34.72,35.68,34.6,35.59
2005-07-12,35.49,36.54,35.46,36.31
2005-07-13,36.27,36.55,36.19,36.51
2005-07-14,37.19,37.42,36.88,37.19
2005-07-15,37.35,37.5,36.75,37.15
2005-07-18,36.95,37.19,36.76,37.19
2005-07-19,37.38,38.17,36.69,38.17
2005-07-20,37.49,38.25,37.3,38.17
2005-07-21,38.96,39.75,37.76,37.95
2005-07-22,37.89,38.23,37.24,37.95
2005-07-25,38.0,39.04,37.85,37.95
2005-07-26,38.22,38.75,37.72,37.74
2005-07-27,42.01,43.74,41.84,43.65
2005-07-28,43.54,45.81,43.37,45.68
2005-07-29,45.31,45.75,44.61,45.15
2005-08-01,44.88,45.19,44.35,44.93
2005-08-02,44.9,46.97,44.88,46.51
2005-08-03,46.01,46.18,45.84,46.11
2005-08-04,45.55,45.77,45.42,45.46
2005-08-05,45.25,45.71,45.17,45.27
2005-08-08,45.32,45.9,45.26,45.66
2005-08-09,45.76,46.439,45.75,45.93
2005-08-10,45.39,45.57,44.59,44.76
2005-08-11,44.62,45.211,44.5,45.21
2005-08-12,44.63,45.72,44.05,44.2
2005-08-15,43.93,45.35,43.88,45.04
2005-08-16,44.9,44.94,44.2,44.27
2005-08-17,44.19,44.43,44.12,44.12
2005-08-18,43.88,43.9,43.51,43.73
2005-08-19,43.6,43.77,43.3301,43.72
2005-08-22,43.61,44.27,42.94,43.77
2005-08-23,43.74,43.97,43.22,43.42
2005-08-24,43.32,43.32,42.27,42.37
2005-08-25,42.54,42.8,42.08,42.31
2005-08-26,42.3,42.63,42.26,42.37
2005-08-29,41.91,43.0,41.91,42.79
2005-08-30,42.39,42.71,41.96,42.49
2005-08-31,42.44,42.81,42.04,42.7
2005-09-01,42.52,42.97,41.75,41.84
2005-09-02,42.0,42.05,41.04,41.51
2005-09-06,41.55,43.65,41.51,43.62
2005-09-07,43.5,44.3,43.45,43.73
2005-09-08,43.45,43.49,42.83,42.96
2005-09-09,42.99,43.2,42.81,42.95
2005-09-12,42.72,44.96,42.69,44.5
2005-09-13,44.17,44.38,43.44,43.93
2005-09-14,44.0,44.73,42.82,43.1
2005-09-15,43.2,43.59,42.65,42.71
2005-09-16,42.8,42.92,42.12,42.8
2005-09-19,42.63,43.43,42.17,42.75
2005-09-20,42.65,43.01,41.77,41.87
2005-09-21,41.85,42.64,41.25,41.25
2005-09-22,41.2,42.27,40.5,42.08
2005-09-23,41.97,42.62,41.55,42.19
2005-09-26,42.45,43.42,42.4,43.34
2005-09-27,43.26,43.73,42.82,43.16
2005-09-28,43.25,43.74,42.99,43.37
2005-09-29,43.38,44.8,43.13,44.79
2005-09-30,44.65,45.84,44.6,45.3
2005-10-03,45.33,46.59,45.16,46.01
2005-10-04,46.0,46.12,44.5,44.93
2005-10-05,44.91,45.29,43.89,44.49
2005-10-06,44.56,44.81,43.33,44.01
2005-10-07,44.27,44.61,43.38,43.72
2005-10-10,43.82,44.38,43.58,43.76
2005-10-11,43.92,44.32,43.23,43.4
2005-10-12,42.91,43.68,42.44,42.55
2005-10-13,42.43,42.98,41.9,42.62
2005-10-14,43.0,43.87,42.34,43.79
2005-10-17,43.63,45.02,43.62,45.02
2005-10-18,44.92,45.05,44.3,44.65
2005-10-19,44.54,45.86,44.28,45.86
2005-10-20,45.9,46.07,44.68,45.01
2005-10-21,45.67,46.05,45.15,45.95
2005-10-24,46.12,46.96,45.86,46.93
2005-10-25,46.88,47.0,46.04,46.17
2005-10-26,41.0,41.1,39.48,39.75
2005-10-27,39.64,39.9,38.86,39.06
2005-10-28,39.55,39.65,38.72,38.95
2005-10-31,39.35,40.39,39.12,39.86
2005-11-01,39.97,40.74,39.65,40.37
2005-11-02,40.29,41.23,39.8,40.75
2005-11-03,40.89,42.0001,40.85,41.56
2005-11-04,41.49,41.8,40.91,41.09
2005-11-07,41.08,41.47,40.55,41.39
2005-11-08,41.33,42.11,41.03,41.95
2005-11-09,41.79,42.0,41.28,41.4
2005-11-10,41.47,42.45,40.86,42.18
2005-11-11,42.37,43.04,42.25,42.68
2005-11-14,42.52,43.0,42.34,42.53
2005-11-15,45.46,45.65,44.43,44.45
2005-11-16,44.27,45.4,44.24,45.3
2005-11-17,45.43,46.76,45.36,46.74
2005-11-18,46.9,48.0,46.66,47.98
2005-11-21,47.57,48.31,47.28,47.99
2005-11-22,47.5,49.01,47.34,48.85
2005-11-23,48.77,48.96,48.09,48.24
2005-11-25,48.05,48.48,47.62,48.06
2005-11-28,48.15,49.12,47.62,48.35
2005-11-29,48.31,49.43,48.12,48.55
2005-11-30,48.48,48.68,47.55,48.46
2005-12-01,48.88,49.4,48.63,49.0
2005-12-02,48.92,49.53,48.4,49.06
2005-12-05,48.86,49.35,48.75,48.83
2005-12-06,49.06,49.9,49.06,49.26
2005-12-07,49.31,49.47,48.29,48.83
2005-12-08,48.83,49.1,47.86,48.35
2005-12-09,48.65,49.04,48.25,48.74
2005-12-12,49.15,49.3,48.64,49.07
2005-12-13,48.54,49.67,48.48,49.5
2005-12-14,49.2,49.6,48.79,49.41
2005-12-15,49.5,49.95,49.05,49.48
2005-12-16,49.4,49.92,49.21,49.21
2005-12-19,48.99,50.001,48.32,48.37
2005-12-20,48.46,48.6,47.68,48.14
2005-12-21,48.29,49.06,47.78,48.97
2005-12-22,48.9,49.28,48.36,49.22
2005-12-23,49.085,49.39,48.72,49.22
2005-12-27,48.9,49.1,48.36,48.56
2005-12-28,48.49,48.55,47.9,48.06
2005-12-29,48.13,48.46,47.97,47.99
2005-12-30,47.73,48.1999,47.14,47.15
2006-01-03,47.47,47.85,46.25,47.58
2006-01-04,47.485,47.73,46.69,47.25
2006-01-05,47.16,48.2,47.11,47.65
2006-01-06,47.97,48.58,47.32,47.87
2006-01-09,46.55,47.1,46.4,47.08
2006-01-10,46.41,46.75,45.36,45.651
2006-01-11,45.65,45.7,44.26,44.93
2006-01-12,44.79,45.09,44.09,44.36
2006-01-13,44.475,44.85,44.0,44.4
2006-01-17,43.95,44.32,43.66,44.0
2006-01-18,43.19,44.59,43.1,44.32
2006-01-19,44.495,45.2392,44.3,44.45
2006-01-20,44.23,44.36,43.2,43.92
2006-01-23,44.18,44.75,43.5,43.73
2006-01-24,43.66,44.43,43.42,44.02
2006-01-25,44.05,44.47,43.34,43.6
2006-01-26,43.95,44.78,43.79,44.68
2006-01-27,44.55,45.22,44.53,45.22
2006-01-30,45.41,45.97,44.7399,44.96
2006-01-31,44.76,45.21,44.25,44.82
2006-02-01,43.92,44.69,43.5,43.98
2006-02-02,43.84,44.04,42.74,42.74
2006-02-03,37.7,38.5,37.37,38.33
2006-02-06,38.34,38.34,37.77,37.95
2006-02-07,38.085,38.2,37.2,37.52
2006-02-08,37.7,38.39,37.11,38.17
2006-02-09,38.61,39.0,37.93,37.99
2006-02-10,37.98,38.52,37.37,38.52
2006-02-13,38.25,38.42,37.53,37.86
2006-02-14,38.04,38.49,37.38,38.25
2006-02-15,38.245,39.28,38.1,39.26
2006-02-16,39.37,40.0,38.83,39.15
2006-02-17,38.93,39.38,38.91,39.19
2006-02-21,39.01,39.11,38.26,38.29
2006-02-22,38.31,39.1,37.71,38.72
2006-02-23,38.62,38.75,37.87,37.9
2006-02-24,38.25,38.41,37.86,38.35
2006-02-27,38.4,38.78,37.93,38.01
2006-02-28,37.79,38.09,37.05,37.44
2006-03-01,37.45,37.69,36.85,37.12
2006-03-02,35.64,37.0,35.37,36.88
2006-03-03,36.89,37.83,36.67,37.21
2006-03-06,37.26,37.58,36.77,36.86
2006-03-07,36.71,37.42,36.7,36.93
2006-03-08,36.72,37.47,36.61,36.81
2006-03-09,36.8,36.96,35.9,36.12
2006-03-10,36.245,36.5,35.74,36.22
2006-03-13,36.31,36.63,35.97,36.19
2006-03-14,36.035,37.0,36.01,36.91
2006-03-15,36.95,37.0,36.43,36.89
2006-03-16,37.08,37.39,36.74,36.77
2006-03-17,36.885,36.98,35.85,35.99
2006-03-20,35.92,37.27,35.8,36.23
2006-03-21,36.33,36.73,35.66,35.92
2006-03-22,36.0,36.54,35.79,36.0
2006-03-23,35.96,36.34,35.48,35.68
2006-03-24,35.72,36.12,35.31,35.47
2006-03-27,35.5,35.66,35.1391,35.25
2006-03-28,35.21,36.02,35.2,35.69
2006-03-29,35.69,36.81,35.31,36.32
2006-03-30,36.45,36.9,36.18,36.67
2006-03-31,36.68,36.77,36.48,36.53
2006-04-03,36.67,37.33,36.1,36.14
2006-04-04,36.14,37.1,36.02,36.77
2006-04-05,36.66,37.34,36.27,37.34
2006-04-06,37.2,38.84,37.13,38.51
2006-04-07,38.55,38.67,37.0,37.09
2006-04-10,37.155,37.28,36.22,36.61
2006-04-11,36.61,36.75,35.52,36.06
2006-04-12,35.91,36.44,35.91,36.13
2006-04-13,35.95,36.72,35.49,36.62
2006-04-17,36.47,36.62,35.05,35.27
2006-04-18,35.39,36.45,35.2,36.28
2006-04-19,36.115,36.96,35.89,36.89
2006-04-20,36.7,37.2,36.23,36.34
2006-04-21,36.62,36.78,35.72,36.03
2006-04-24,36.115,36.115,35.32,35.79
2006-04-25,35.59,35.77,35.01,35.55
2006-04-26,35.34,36.11,35.15,35.79
2006-04-27,35.505,35.87,35.3,35.74
2006-04-28,35.77,35.89,35.14,35.21
2006-05-01,35.19,35.57,34.44,34.59
2006-05-02,34.64,34.94,34.23,34.38
2006-05-03,34.29,34.39,33.51,33.96
2006-05-04,34.615,34.72,34.38,34.47
2006-05-05,34.645,35.04,34.15,35.04
2006-05-08,34.99,35.31,34.47,34.69
2006-05-09,34.415,35.26,34.21,34.84
2006-05-10,34.68,35.0,34.1,34.16
2006-05-11,34.12,34.15,33.08,33.53
2006-05-12,33.56,33.78,32.55,32.73
2006-05-15,32.55,32.85,32.21,32.78
2006-05-16,32.84,33.02,32.32,32.76
2006-05-17,32.45,32.7,31.53,31.61
2006-05-18,31.71,33.64,31.52,32.61
2006-05-19,32.66,34.0,32.03,33.94
2006-05-22,33.96,34.99,33.18,34.83
2006-05-23,35.0,36.0,33.76,33.76
2006-05-24,33.41,35.23,33.37,35.19
2006-05-25,35.36,35.69,34.6,35.63
2006-05-26,35.66,36.5,35.46,36.07
2006-05-30,35.73,35.75,34.44,34.64
2006-05-31,34.735,34.94,33.73,34.61
2006-06-01,34.625,35.45,34.3,35.07
2006-06-02,35.19,35.22,34.05,34.76
2006-06-05,34.46,34.54,33.27,33.49
2006-06-06,33.58,33.8,32.93,33.41
2006-06-07,33.4,34.54,32.91,33.77
2006-06-08,33.55,34.06,32.42,33.55
2006-06-09,33.5,34.35,33.45,33.78
2006-06-12,34.0,34.45,33.49,33.6
2006-06-13,33.49,34.17,33.135,33.47
2006-06-14,33.5,33.99,33.08,33.68
2006-06-15,33.84,35.17,33.67,34.96
2006-06-16,34.88,35.26,34.7,35.09
2006-06-19,35.2,35.48,35.04,35.07
2006-06-20,35.01,35.65,34.88,35.48
2006-06-21,35.34,37.05,35.34,36.65
2006-06-22,36.55,36.8514,36.11,36.37
2006-06-23,36.46,36.65,36.02,36.55
2006-06-26,36.55,37.17,36.43,36.77
2006-06-27,36.72,37.5,36.17,36.48
2006-06-28,36.7,37.11,36.48,36.7
2006-06-29,36.82,38.57,36.7,38.52
2006-06-30,38.58,38.84,37.83,38.68
2006-07-03,38.52,38.62,38.23,38.61
2006-07-05,38.28,38.43,36.78,37.11
2006-07-06,37.07,37.74,36.52,36.8
2006-07-07,36.71,37.28,35.75,36.11
2006-07-10,36.3,36.7,35.4,35.79
2006-07-11,35.74,35.92,35.01,35.66
2006-07-12,35.6,35.9,34.57,34.63
2006-07-13,34.33,34.63,33.71,33.73
2006-07-14,33.51,33.73,32.8,32.92
2006-07-17,32.79,33.93,32.79,33.67
2006-07-18,33.65,34.29,32.96,33.49
2006-07-19,33.5,34.77,33.39,34.48
2006-07-20,34.39,34.81,33.83,34.18
2006-07-21,33.85,33.97,32.92,33.19
2006-07-24,33.35,34.68,33.34,34.31
2006-07-25,34.0,34.16,33.39,33.59
2006-07-26,28.76,29.0,25.96,26.26
2006-07-27,26.45,26.8,26.0,26.56
2006-07-28,26.8,27.18,26.57,27.17
2006-07-31,27.02,27.29,26.74,26.89
2006-08-01,26.55,26.64,25.84,26.32
2006-08-02,26.15,26.3,25.89,26.09
2006-08-03,26.09,26.9,25.9,26.69
2006-08-04,26.94,27.59,26.8,27.29
2006-08-07,27.19,27.29,26.59,26.78
2006-08-08,26.8,27.02,26.19,26.36
2006-08-09,26.54,26.7,26.0,26.21
2006-08-10,26.2,26.52,25.88,26.49
2006-08-11,26.43,26.43,25.76,26.07
2006-08-14,26.22,27.06,26.18,26.53
2006-08-15,26.97,27.86,26.62,27.77
2006-08-16,27.97,28.14,27.52,27.95
2006-08-17,27.96,29.75,27.83,29.09
2006-08-18,29.09,29.23,28.22,29.12
2006-08-21,28.7,28.98,27.97,28.13
2006-08-22,28.14,28.89,28.05,28.37
2006-08-23,28.56,28.89,27.77,28.14
2006-08-24,28.24,28.25,27.54,27.97
2006-08-25,27.79,28.23,27.62,28.03
2006-08-28,28.4,29.0,28.27,28.91
2006-08-29,28.97,29.72,28.75,29.52
2006-08-30,29.57,30.85,29.48,30.67
2006-08-31,30.7545,30.99,30.47,30.83
2006-09-01,30.85,31.8,30.85,31.76
2006-09-05,31.61,32.3,31.24,32.23
2006-09-06,31.76,31.98,30.65,30.8
2006-09-07,30.57,30.64,29.68,29.73
2006-09-08,30.19,30.66,29.94,30.51
2006-09-11,30.23,31.13,29.72,30.79
2006-09-12,30.87,31.94,30.53,31.72
2006-09-13,31.73,31.96,31.37,31.67
2006-09-14,31.54,31.87,31.18,31.65
2006-09-15,31.9,32.74,31.58,32.52
2006-09-18,32.445,32.67,31.88,32.08
2006-09-19,32.24,32.3,30.82,31.58
2006-09-20,31.81,32.81,31.8,32.12
2006-09-21,32.24,32.56,30.07,30.22
2006-09-22,30.22,30.95,29.9,30.84
2006-09-25,31.05,31.97,30.74,31.79
2006-09-26,31.89,32.59,31.8,32.5
2006-09-27,32.28,32.46,31.93,32.33
2006-09-28,32.27,32.33,31.22,31.84
2006-09-29,32.01,32.34,31.54,32.12
2006-10-02,31.98,32.03,30.83,30.87
2006-10-03,30.9,32.0,30.58,31.7
2006-10-04,31.75,32.83,31.3,32.76
2006-10-05,32.68,33.4,32.4,33.32
2006-10-06,33.15,33.218,32.5,32.59
2006-10-09,32.49,33.48,32.451,33.38
2006-10-10,33.27,33.58,32.49,32.62
2006-10-11,32.61,33.15,32.27,32.91
2006-10-12,33.1,33.71,32.63,33.55
2006-10-13,33.35,33.58,33.08,33.32
2006-10-16,32.85,33.2,32.55,32.6
2006-10-17,32.2,32.61,31.75,32.47
2006-10-18,32.57,32.78,32.0,32.31
2006-10-19,32.17,32.84,32.1,32.54
2006-10-20,32.69,32.69,32.21,32.57
2006-10-23,32.47,32.91,32.14,32.88
2006-10-24,32.87,38.0,32.86,33.63
2006-10-25,37.3,37.98,36.04,37.68
2006-10-26,37.25,38.49,37.18,38.3
2006-10-27,38.15,38.38,37.664,38.24
2006-10-30,38.05,38.34,37.68,38.15
2006-10-31,38.22,38.59,37.8,38.09
2006-11-01,38.125,38.2,37.46,37.56
2006-11-02,37.33,37.77,37.11,37.45
2006-11-03,37.61,37.71,36.87,37.46
2006-11-06,37.64,38.35,37.53,38.21
2006-11-07,38.2,39.0,38.04,38.77
2006-11-08,38.58,39.48,38.46,39.47
2006-11-09,39.5,39.77,38.81,38.84
2006-11-10,38.79,39.362,38.76,39.26
2006-11-13,39.23,40.001,39.13,39.99
2006-11-14,40.11,41.67,39.62,41.51
2006-11-15,41.5,43.1,41.5,42.6
2006-11-16,42.445,42.95,42.4,42.84
2006-11-17,42.55,42.67,42.22,42.55
2006-11-20,42.35,42.55,41.94,42.44
2006-11-21,42.55,43.25,42.12,42.54
2006-11-22,42.5,42.98,42.18,42.96
2006-11-24,42.56,42.94,42.31,42.41
2006-11-27,42.18,42.8,40.72,40.85
2006-11-28,40.75,41.07,40.3,40.92
2006-11-29,40.48,41.1,40.0,40.63
2006-11-30,40.42,40.64,39.85,40.34
2006-12-01,40.26,40.54,39.09,39.41
2006-12-04,39.31,39.48,38.87,39.1
2006-12-05,39.13,39.3,38.72,38.98
2006-12-06,38.77,39.58,38.64,38.9
2006-12-07,38.93,39.09,38.05,38.12
2006-12-08,37.92,38.95,37.7,38.46
2006-12-11,38.22,39.15,38.08,38.69
2006-12-12,38.44,38.94,38.15,38.46
2006-12-13,38.7,39.19,38.19,38.5
2006-12-14,38.74,39.54,38.6,39.02
2006-12-15,39.38,40.19,39.23,40.01
2006-12-18,40.2,40.64,38.86,39.26
2006-12-19,38.78,39.72,38.23,39.42
2006-12-20,39.43,40.3,39.39,40.01
2006-12-21,39.87,40.34,39.65,39.89
2006-12-22,39.98,40.51,39.91,40.24
2006-12-26,40.13,40.13,39.42,39.8
2006-12-27,39.86,40.47,39.8,40.29
2006-12-28,40.38,40.63,39.92,40.21
2006-12-29,40.06,40.25,39.3499,39.46
2007-01-03,38.68,39.06,38.05,38.7
2007-01-04,38.59,39.14,38.26,38.9
2007-01-05,38.72,38.79,37.6,38.37
2007-01-08,38.22,38.31,37.17,37.5
2007-01-09,37.6,38.06,37.34,37.78
2007-01-10,37.49,37.7,37.07,37.15
2007-01-11,37.17,38.0,37.17,37.4
2007-01-12,37.36,38.21,37.27,38.2
2007-01-16,38.4,38.89,37.97,38.66
2007-01-17,38.7,39.0,37.78,37.88
2007-01-18,37.5,37.65,36.72,36.98
2007-01-19,36.69,37.48,36.6,37.02
2007-01-22,37.65,37.9,36.8,36.95
2007-01-23,36.9,37.07,36.3,36.43
2007-01-24,36.51,37.36,36.5,37.26
2007-01-25,38.08,38.23,36.78,37.08
2007-01-26,37.26,37.26,36.3,36.85
2007-01-29,36.7,37.45,36.54,37.43
2007-01-30,37.29,37.42,36.63,37.05
2007-01-31,36.95,38.19,36.76,37.67
2007-02-01,37.95,39.3,37.85,38.7
2007-02-02,37.23,37.74,36.68,37.39
2007-02-05,37.25,37.42,36.77,37.16
2007-02-06,37.2,38.41,37.0845,38.27
2007-02-07,38.49,39.52,38.4,38.98
2007-02-08,38.95,39.51,38.67,39.1
2007-02-09,39.19,39.31,38.66,38.72
2007-02-12,38.79,38.99,38.36,38.85
2007-02-13,38.85,39.61,38.85,39.31
2007-02-14,39.23,40.28,39.14,40.14
2007-02-15,40.14,40.32,39.86,40.06
2007-02-16,39.9,40.44,39.87,40.33
2007-02-20,40.13,41.74,40.0,41.51
2007-02-21,41.19,41.32,40.92,41.26
2007-02-22,41.4,42.0,40.89,41.0
2007-02-23,41.0,41.2,40.74,40.78
2007-02-26,40.86,41.2,40.4,40.8799
2007-02-27,40.19,40.54,38.78,38.83
2007-02-28,38.91,39.58,38.08,39.14
2007-03-01,39.32,39.32,38.05,38.85
2007-03-02,38.32,38.87,37.69,37.69
2007-03-05,37.15,38.32,37.04,37.05
2007-03-06,37.69,38.66,37.41,38.58
2007-03-07,38.68,39.32,38.28,38.36
2007-03-08,38.77,39.22,37.98,38.1
2007-03-09,38.48,38.89,38.0,38.84
2007-03-12,38.64,39.05,38.38,38.81
2007-03-13,38.3,38.88,37.69,37.82
2007-03-14,37.76,38.22,37.26,38.08
2007-03-15,38.1,38.29,37.55,37.78
2007-03-16,37.72,38.08,37.52,37.85
2007-03-19,38.0,38.54,38.0,38.45
2007-03-20,38.53,38.69,38.23,38.58
2007-03-21,38.55,39.8,38.31,39.8
2007-03-22,39.48,39.72,38.91,39.49
2007-03-23,39.56,39.6,38.98,38.98
2007-03-26,38.98,39.05,38.43,39.01
2007-03-27,38.82,39.42,38.76,39.37
2007-03-28,39.09,39.51,38.74,39.34
2007-03-29,39.65,39.92,39.3,39.81
2007-03-30,39.75,40.24,39.42,39.79
2007-04-02,39.85,40.47,39.55,40.42
2007-04-03,40.42,41.38,40.4,41.19
2007-04-04,41.22,41.55,40.92,41.53
2007-04-05,41.57,41.76,41.44,41.68
2007-04-09,41.72,42.14,41.61,41.66
2007-04-10,41.57,41.96,41.46,41.86
2007-04-11,41.73,41.87,41.24,41.68
2007-04-12,41.73,42.37,41.4,42.27
2007-04-13,42.19,42.5,41.93,42.41
2007-04-16,43.77,45.3,43.67,45.2
2007-04-17,45.28,45.32,44.75,45.07
2007-04-18,44.8,45.15,44.63,44.99
2007-04-19,44.61,45.15,44.41,44.64
2007-04-20,45.09,45.17,44.52,44.95
2007-04-23,44.27,44.81,44.16,44.77
2007-04-24,44.75,45.0,44.43,44.75
2007-04-25,53.14,57.18,52.95,56.81
2007-04-26,56.5,63.04,56.07,62.781
2007-04-27,61.24,63.84,60.62,62.601
2007-04-30,61.91,62.44,61.18,61.33
2007-05-01,61.12,62.04,60.28,62.04
2007-05-02,61.68,62.25,60.9,61.18
2007-05-03,61.08,62.54,60.76,62.19
2007-05-04,62.39,63.75,62.35,63.23
2007-05-07,62.43,63.23,60.71,60.82
2007-05-08,60.54,61.84,59.7,61.83
2007-05-09,62.0,62.95,61.3,62.85
2007-05-10,62.44,62.65,60.85,60.92
2007-05-11,60.96,61.6,60.56,61.56
2007-05-14,61.68,61.74,60.6,61.7
2007-05-15,61.4,61.97,60.52,60.58
2007-05-16,61.02,63.34,60.1,63.22
2007-05-17,62.88,63.52,62.02,62.17
2007-05-18,62.48,63.3,62.28,63.3
2007-05-21,63.58,68.68,63.3,68.3
2007-05-22,68.48,69.07,67.21,68.88
2007-05-23,69.21,73.31,68.79,69.0
2007-05-24,69.04,70.42,67.71,69.35
2007-05-25,69.69,69.7,68.25,68.55
2007-05-29,68.43,69.78,67.72,69.63
2007-05-30,69.06,70.08,68.861,69.86
2007-05-31,70.68,70.74,68.57,69.14
2007-06-01,68.9,69.3,68.35,68.58
2007-06-04,68.25,70.65,67.65,70.42
2007-06-05,71.1,74.24,70.86,73.65
2007-06-06,73.14,73.75,71.86,72.29
2007-06-07,72.57,74.72,70.88,72.0399
2007-06-08,72.47,73.24,71.05,73.24
2007-06-11,73.0,73.05,71.0,71.17
2007-06-12,70.44,70.76,69.42,70.07
2007-06-13,70.9,71.89,69.25,70.888
2007-06-14,70.9,72.12,70.8,71.94
2007-06-15,72.85,72.87,71.19,72.4
2007-06-18,72.34,72.64,71.4,71.83
2007-06-19,71.55,71.66,69.68,69.81
2007-06-20,70.25,70.5,69.05,69.1
2007-06-21,69.16,69.77,68.66,69.67
2007-06-22,69.55,69.88,68.42,68.86
2007-06-25,69.35,69.63,68.3,68.66
2007-06-26,68.53,68.63,67.38,67.48
2007-06-27,66.96,68.21,66.71,68.14
2007-06-28,68.46,70.23,68.15,68.89
2007-06-29,69.03,69.19,68.15,68.41
2007-07-02,68.81,69.71,68.2,69.61
2007-07-03,70.04,70.05,69.02,69.45
2007-07-05,69.36,69.65,68.06,68.73
2007-07-06,68.75,69.3,68.01,68.97
2007-07-09,69.38,72.35,69.02,72.0699
2007-07-10,71.65,71.94,70.07,70.28
2007-07-11,70.58,71.65,70.15,70.73
2007-07-12,71.31,73.57,70.73,72.79
2007-07-13,73.08,75.35,72.97,75.1
2007-07-16,74.73,74.84,73.0,73.69
2007-07-17,74.39,74.52,73.59,73.79
2007-07-18,73.27,73.49,72.25,73.32
2007-07-19,74.24,74.32,73.12,73.35
2007-07-20,72.62,72.96,70.5,71.63
2007-07-23,71.78,72.67,70.85,71.74
2007-07-24,71.04,72.16,68.85,69.25
2007-07-25,84.61,88.8,83.65,86.1799
2007-07-26,85.02,89.0,83.43,84.01
2007-07-27,84.27,85.33,82.48,84.0399
2007-07-30,83.0,84.05,81.51,82.7
2007-07-31,83.7,83.73,78.0,78.54
2007-08-01,78.1,78.15,75.06,77.31
2007-08-02,77.86,79.76,76.12,79.71
2007-08-03,79.54,80.75,76.71,76.7999
2007-08-06,77.06,79.0,76.6,79.0
2007-08-07,78.55,80.0,77.89,79.14
2007-08-08,79.77,79.88,76.56,77.78
2007-08-09,76.4,77.26,74.11,74.11
2007-08-10,73.15,76.5,72.37,74.7801
2007-08-13,76.09,76.32,74.7,74.87
2007-08-14,74.79,74.79,72.92,73.45
2007-08-15,73.02,75.15,72.26,72.38
2007-08-16,72.0,73.24,70.05,72.79
2007-08-17,74.49,75.04,73.11,75.02
2007-08-20,74.98,75.28,73.8001,74.7
2007-08-21,74.21,77.83,74.09,77.49
2007-08-22,78.24,79.49,77.84,78.5
2007-08-23,78.94,79.0,76.51,77.3
2007-08-24,76.8,79.4,76.69,79.25
2007-08-27,80.56,80.8,78.42,78.65
2007-08-28,77.86,78.65,76.08,76.22
2007-08-29,76.96,79.05,76.86,79.05
2007-08-30,78.4,80.11,78.3,78.68
2007-08-31,80.0,80.53,79.7,79.91
2007-09-04,79.9,83.53,79.73,82.7
2007-09-05,82.24,84.89,82.22,83.75
2007-09-06,84.5,86.46,82.85,86.21
2007-09-07,84.7,84.97,83.21,84.52
2007-09-10,84.93,85.16,82.51,83.34
2007-09-11,84.17,86.61,83.53,86.28
2007-09-12,86.07,88.89,85.97,87.3
2007-09-13,87.95,88.07,86.5,87.26
2007-09-14,86.41,88.09,86.31,87.77
2007-09-17,86.98,87.34,85.98,86.91
2007-09-18,87.38,91.6,86.71,88.75
2007-09-19,89.52,89.82,88.26,89.0
2007-09-20,88.9,90.416,88.82,89.65
2007-09-21,90.29,91.9,89.65,91.3
2007-09-24,91.3,93.75,90.81,92.59
2007-09-25,91.99,93.5,90.95,93.4799
2007-09-26,94.04,94.26,92.29,93.43
2007-09-27,94.07,94.11,93.1051,93.38
2007-09-28,92.77,93.6,91.7,93.15
2007-10-01,93.42,94.1,92.83,93.41
2007-10-02,93.865,93.9,91.4,92.36
2007-10-03,92.19,92.8,91.78,92.455
2007-10-04,92.55,92.57,91.45,92.26
2007-10-05,93.55,93.71,92.34,93.43
2007-10-08,94.22,95.85,94.0,95.85
2007-10-09,96.59,96.73,94.75,95.3237
2007-10-10,95.5,95.7483,94.37,94.66
2007-10-11,95.33,95.74,88.13,89.34
2007-10-12,89.42,92.39,88.9187,92.37
2007-10-15,91.8,92.12,90.1,90.53
2007-10-16,88.69,90.05,88.5,89.53
2007-10-17,91.9,91.9,89.06,90.55
2007-10-18,89.37,90.43,89.15,89.85
2007-10-19,89.93,90.65,89.32,89.76
2007-10-22,89.25,91.69,89.02,91.29
2007-10-23,95.28,101.09,94.21,100.82
2007-10-24,90.87,90.88,83.27,88.73
2007-10-25,88.23,89.5,86.32,88.21
2007-10-26,89.0,90.88,87.7,90.0
2007-10-29,90.41,91.47,89.48,90.1
2007-10-30,89.67,90.65,88.05,88.24
2007-10-31,88.05,89.6,87.0,89.15
2007-11-01,87.75,89.58,86.5,87.65
2007-11-02,87.97,88.12,83.5,85.98
2007-11-05,84.35,86.02,82.76,84.37
2007-11-06,84.61,87.5,84.37,87.27
2007-11-07,86.41,89.16,86.16,87.0438
2007-11-08,86.8,86.96,81.4,83.58
2007-11-09,82.42,82.42,78.84,78.89
2007-11-12,78.26,80.09,76.5,77.0
2007-11-13,77.91,80.05,77.8,79.86
2007-11-14,80.4,81.15,78.15,78.51
2007-11-15,79.43,79.73,76.7,77.85
2007-11-16,77.01,78.99,76.63,78.6
2007-11-19,78.83,79.75,77.94,79.18
2007-11-20,79.86,82.0,78.31,80.39
2007-11-21,79.24,80.86,78.65,79.76
2007-11-23,80.11,81.45,78.98,81.43
2007-11-26,82.3,84.49,81.14,81.3035
2007-11-27,82.92,85.65,82.21,85.59
2007-11-28,87.55,90.57,86.75,90.3
2007-11-29,89.89,91.47,88.68,89.15
2007-11-30,90.56,91.08,88.3148,90.56
2007-12-03,90.03,92.25,89.77,90.91
2007-12-04,90.04,94.56,90.04,94.41
2007-12-05,94.99,94.99,91.98,93.19
2007-12-06,93.28,95.0,92.83,94.21
2007-12-07,94.56,94.68,92.91,94.31
2007-12-10,94.31,94.35,92.3,93.02
2007-12-11,93.1,95.94,90.75,90.75
2007-12-12,92.84,93.75,89.32,91.28
2007-12-13,91.05,93.0,90.63,92.4
2007-12-14,90.77,91.24,88.93,89.08
2007-12-17,89.01,89.06,84.99,85.09
2007-12-18,85.83,87.46,83.86,86.89
2007-12-19,86.94,89.95,86.83,89.38
2007-12-20,90.14,90.75,89.09,90.58
2007-12-21,91.47,92.28,90.39,91.26
2007-12-24,91.05,91.56,90.3,91.01
2007-12-26,91.48,93.94,90.5,92.85
2007-12-27,92.67,95.29,92.5,94.25
2007-12-28,95.27,95.9,92.1,94.45
2007-12-31,93.81,94.37,92.45,92.64
2008-01-02,95.35,97.43,94.7,96.25
2008-01-03,96.06,97.25,94.52,95.21
2008-01-04,93.26,93.4,88.5,88.79
2008-01-07,88.62,90.57,85.47,88.82
2008-01-08,87.55,91.83,86.93,87.88
2008-01-09,87.56,87.8,80.24,85.22
2008-01-10,83.98,85.97,82.97,84.26
2008-01-11,84.03,84.03,80.29,81.08
2008-01-14,82.18,83.32,78.87,82.87
2008-01-15,80.485,81.01,78.51,80.24
2008-01-16,79.58,82.36,78.44,80.35
2008-01-17,80.16,82.25,79.54,80.12
2008-01-18,79.93,82.31,78.04,79.76
2008-01-22,73.58,79.72,72.22,78.48
2008-01-23,75.6,76.8,69.95,73.97
2008-01-24,74.53,77.88,74.19,77.67
2008-01-25,78.69,81.43,76.33,77.6
2008-01-28,76.91,77.4,74.34,75.82
2008-01-29,75.77,75.9,72.06,73.95
2008-01-30,73.54,77.42,73.25,74.21
2008-01-31,68.9,78.87,68.84,77.7
2008-02-01,79.02,79.4,73.37,74.63
2008-02-04,74.5,76.66,73.9,73.95
2008-02-05,72.8,74.21,72.0,72.09
2008-02-06,72.3,72.4299,68.17,68.49
2008-02-07,67.37,72.71,67.22,70.91
2008-02-08,73.4,74.6,72.52,73.5
2008-02-11,73.14,75.96,72.77,75.19
2008-02-12,75.43,77.05,73.79,74.45
2008-02-13,74.99,78.85,73.27,77.73
2008-02-14,77.73,77.88,75.18,75.8
2008-02-15,75.0,75.19,71.94,72.96
2008-02-19,73.54,74.0,71.55,72.08
2008-02-20,71.9,73.88,71.1,73.64
2008-02-21,73.94,74.21,69.37,69.9
2008-02-22,70.54,72.21,69.86,72.08
2008-02-25,72.35,73.5,71.41,73.27
2008-02-26,71.91,73.5,70.28,71.69
2008-02-27,70.68,71.48,69.57,70.87
2008-02-28,70.3,70.6,67.11,67.85
2008-02-29,67.01,67.5,63.97,64.47
2008-03-03,63.59,64.49,61.2,62.43
2008-03-04,61.67,66.6,61.23,65.34
2008-03-05,65.66,66.34,63.82,64.9901
2008-03-06,64.75,65.46,62.5,62.74
2008-03-07,62.2,64.87,62.01,64.09
2008-03-10,63.9,65.15,62.91,63.47
2008-03-11,65.95,67.17,63.71,67.15
2008-03-12,66.77,68.23,65.64,66.51
2008-03-13,65.11,69.55,64.366,68.32
2008-03-14,68.61,70.68,66.06,68.22
2008-03-17,65.72,67.79,64.92,66.53
2008-03-18,68.25,71.928,67.59,71.7
2008-03-19,71.1,74.0,70.17,70.17
2008-03-20,70.17,73.49,69.38,73.19
2008-03-24,73.82,76.93,72.75,75.95
2008-03-25,75.83,76.2899,74.05,75.17
2008-03-26,74.14,75.12,73.24,73.8
2008-03-27,74.37,74.69,70.7983,70.8
2008-03-28,71.0,72.21,69.26,69.76
2008-03-31,70.25,71.64,69.63,71.3
2008-04-01,72.99,77.09,72.76,76.7
2008-04-02,77.08,79.0,76.12,77.37
2008-04-03,75.15,76.01,73.81,74.94
2008-04-04,75.26,77.83,74.28,76.87
2008-04-07,77.36,78.43,76.0,76.9
2008-04-08,76.4,77.61,75.5,77.3
2008-04-09,76.56,76.67,73.66,74.39
2008-04-10,74.48,75.49,72.73,74.83
2008-04-11,73.84,74.3,71.62,71.99
2008-04-14,71.7,74.0,71.29,72.61
2008-04-15,72.97,73.98,70.65,72.5
2008-04-16,73.02,75.0,72.94,74.59
2008-04-17,74.18,75.02,73.61,74.04
2008-04-18,76.48,82.0,76.32,80.1
2008-04-21,80.03,81.34,79.06,80.18
2008-04-22,79.94,79.94,77.54,79.6
2008-04-23,80.3,82.64,78.74,81.0
2008-04-24,77.71,80.53,76.93,77.69
2008-04-25,77.81,81.32,77.26,80.86
2008-04-28,80.64,82.5,80.12,81.97
2008-04-29,81.42,81.77,79.86,80.74
2008-04-30,80.9,81.34,77.92,78.63
2008-05-01,78.4,80.01,77.97,79.36
2008-05-02,80.3,81.2,76.4,77.31
2008-05-05,77.27,77.77,75.87,75.92
2008-05-06,75.51,76.77,75.05,75.71
2008-05-07,75.26,76.64,73.09,73.18
2008-05-08,73.73,74.16,71.56,72.79
2008-05-09,72.2,73.34,71.66,72.41
2008-05-12,73.0,74.93,71.78,74.53
2008-05-13,74.57,74.96,73.31,74.56
2008-05-14,74.92,75.75,73.98,74.2
2008-05-15,73.89,76.32,73.55,76.12
2008-05-16,76.42,76.83,74.86,76.46
2008-05-19,79.01,84.75,78.86,82.29
2008-05-20,82.17,82.7,80.03,80.72
2008-05-21,80.37,81.15,77.5,78.3
2008-05-22,78.68,79.69,78.0,79.26
2008-05-23,78.55,78.87,77.43,78.35
2008-05-27,78.26,80.9,77.97,80.62
2008-05-28,80.73,80.79,78.99,80.08
2008-05-29,80.61,81.96,80.17,80.35
2008-05-30,80.58,81.77,80.3,81.62
2008-06-02,81.15,81.57,80.05,80.23
2008-06-03,80.71,81.89,79.26,80.11
2008-06-04,80.11,81.82,79.72,81.5
2008-06-05,82.11,84.88,81.8,84.51
2008-06-06,83.24,83.64,80.56,80.63
2008-06-09,81.19,81.53,78.12,79.43
2008-06-10,78.2,81.04,78.2,79.62
2008-06-11,79.35,80.0,77.03,77.28
2008-06-12,78.02,79.05,75.01,76.15
2008-06-13,76.7,80.0,76.7,79.17
2008-06-16,78.42,82.53,78.41,81.7
2008-06-17,83.15,84.3,82.8,82.97
2008-06-18,82.0,83.17,81.32,82.52
2008-06-19,82.21,84.47,81.5,84.26
2008-06-20,83.1,83.46,80.51,81.1
2008-06-23,81.3,82.15,79.55,80.68
2008-06-24,79.55,80.79,77.63,79.64
2008-06-25,80.45,82.15,79.52,80.51
2008-06-26,79.1,79.89,76.0,76.3
2008-06-27,75.59,76.07,72.62,74.66
2008-06-30,75.03,76.12,73.21,73.33
2008-07-01,72.24,74.23,70.52,73.62
2008-07-02,74.16,74.41,71.38,71.44
2008-07-03,72.51,73.84,70.52,72.0
2008-07-07,72.37,74.4,70.76,72.49
2008-07-08,72.38,75.49,71.75,75.04
2008-07-09,74.56,74.9,70.48,70.61
2008-07-10,70.7,71.77,67.99,70.63
2008-07-11,69.4,69.99,66.74,68.54
2008-07-14,69.31,69.5,65.59,66.28
2008-07-15,65.87,68.62,62.99,67.03
2008-07-16,66.94,72.75,66.84,71.84
2008-07-17,71.2,72.38,67.7368,72.11
2008-07-18,69.94,70.84,68.4,69.12
2008-07-21,69.52,69.8,66.3,68.48
2008-07-22,67.09,69.14,65.88,67.97
2008-07-23,67.4646,72.07,67.4646,70.54
2008-07-24,76.3,82.38,76.29,78.72
2008-07-25,79.63,80.939,78.12,78.31
2008-07-28,77.09,78.31,74.86,75.98
2008-07-29,76.49,78.8,76.16,78.21
2008-07-30,78.36,79.85,76.42,78.21
2008-07-31,76.75,78.17,76.1,76.34
2008-08-01,76.36,76.49,74.05,75.75
2008-08-04,75.99,77.3,75.01,75.71
2008-08-05,76.92,79.52,76.52,79.11
2008-08-06,78.55,78.63,76.73,78.09
2008-08-07,77.01,78.05,76.0,76.95
2008-08-08,76.78,81.21,76.29,80.51
2008-08-11,80.18,91.75,79.78,88.09
2008-08-12,87.32,88.48,86.1,87.25
2008-08-13,86.28,88.25,84.54,86.69
2008-08-14,85.71,88.75,85.22,88.03
2008-08-15,88.28,89.53,86.26,86.4
2008-08-18,86.09,86.28,83.04,83.11
2008-08-19,83.09,83.51,81.06,81.29
2008-08-20,82.0,83.25,81.2,82.13
2008-08-21,81.41,83.77,80.98,83.26
2008-08-22,84.27,85.46,83.93,85.26
2008-08-25,84.63,84.64,82.45,82.85
2008-08-26,82.74,83.12,81.25,81.76
2008-08-27,81.44,82.74,81.0,81.73
2008-08-28,82.21,83.65,81.8,83.42
2008-08-29,82.9,82.9,80.5,80.81
2008-09-02,83.16,84.5,81.21,81.41
2008-09-03,81.4,82.0,80.02,80.77
2008-09-04,80.6,80.81,78.02,78.03
2008-09-05,77.34,80.72,77.08,79.19
2008-09-08,82.25,83.75,78.85,81.16
2008-09-09,80.76,81.96,78.9879,79.04
2008-09-10,80.0125,80.22,76.15,76.74
2008-09-11,75.27,79.8,75.1,79.51
2008-09-12,78.81,79.6,76.62,78.3
2008-09-15,76.86,79.88,76.3,77.34
2008-09-16,76.8,79.63,76.67,78.73
2008-09-17,77.68,78.24,71.24,71.54
2008-09-18,73.08,77.5,70.08,76.5
2008-09-19,80.12,86.77,76.5,81.0
2008-09-22,81.13,81.63,74.32,74.93
2008-09-23,75.79,76.29,70.77,71.76
2008-09-24,72.3,73.65,68.94,69.96
2008-09-25,70.66,72.75,70.01,72.08
2008-09-26,69.52,71.05,68.08,70.7
2008-09-29,68.41,69.37,61.32,63.35
2008-09-30,65.84,73.12,65.32,72.76
2008-10-01,71.78,71.99,68.41,69.58
2008-10-02,67.63,68.96,65.41,67.36
2008-10-03,69.42,70.95,66.59,67.0
2008-10-06,64.06,65.89,60.47,65.23
2008-10-07,65.79,66.43,58.5,58.52
2008-10-08,55.64,62.75,55.35,61.02
2008-10-09,61.97,63.5,56.0,56.0
2008-10-10,52.99,59.7499,51.05,56.25
2008-10-13,58.96,62.21,57.37,62.02
2008-10-14,63.5,64.0,54.8,55.86
2008-10-15,54.46,54.69,48.35,48.72
2008-10-16,46.4,50.7,43.39,50.29
2008-10-17,48.83,62.33,48.41,50.65
2008-10-20,52.17,53.1,49.906,52.97
2008-10-21,51.86,52.95,49.92,50.23
2008-10-22,50.05,52.47,47.9,49.99
2008-10-23,43.37,50.91,43.31,50.32
2008-10-24,44.75,52.32,44.5,48.96
2008-10-27,49.0,52.59,48.43,49.58
2008-10-28,51.5,56.3,49.07,56.04
2008-10-29,55.53,59.79,54.52,56.89
2008-10-30,58.76,59.89,55.08,56.71
2008-10-31,56.01,57.25,55.01,57.24
2008-11-03,56.35,57.25,55.02,55.77
2008-11-04,57.16,58.73,55.22,58.45
2008-11-05,57.47,58.0,51.62,51.98
2008-11-06,49.8,51.04,46.3,47.22
2008-11-07,47.76,49.79,47.01,49.21
2008-11-10,49.98,50.68,46.86,48.46
2008-11-11,47.1,48.06,44.81,46.3
2008-11-12,43.99,45.44,40.9,41.56
2008-11-13,41.4,45.0,38.48,44.93
2008-11-14,43.61,44.5,41.5,41.75
2008-11-17,39.91,41.26,39.07,39.69
2008-11-18,39.73,40.66,36.08,38.44
2008-11-19,37.97,39.0,35.75,35.84
2008-11-20,35.29,39.72,34.68,35.03
2008-11-21,36.39,39.0,35.72,37.87
2008-11-24,38.79,43.44,38.7,42.5
2008-11-25,42.09,42.89,39.61,42.19
2008-11-26,40.87,44.0,40.29,43.96
2008-11-28,44.03,44.1,42.22,42.7
2008-12-01,42.0,43.26,40.38,40.47
2008-12-02,41.39,41.71,38.82,41.19
2008-12-03,40.16,45.88,40.05,45.21
2008-12-04,45.94,50.5,45.75,47.32
2008-12-05,45.89,48.49,43.3,48.26
2008-12-08,49.15,52.14,47.36,51.41
2008-12-09,49.81,54.48,49.7,51.25
2008-12-10,51.46,51.5,48.34,49.7
2008-12-11,49.33,50.49,48.17,48.25
2008-12-12,47.52,51.38,47.52,51.25
2008-12-15,50.65,50.95,48.1481,48.85
2008-12-16,49.62,52.96,49.29,52.63
2008-12-17,52.26,54.77,51.53,53.18
2008-12-18,53.0,54.85,51.2,52.08
2008-12-19,51.59,52.99,50.92,51.56
2008-12-22,51.6,52.15,48.47,49.84
2008-12-23,50.12,51.61,50.12,51.08
2008-12-24,51.66,51.95,51.01,51.44
2008-12-26,53.79,53.95,51.55,51.78
2008-12-29,51.43,51.77,48.56,49.4
2008-12-30,49.51,51.21,48.74,50.76
2008-12-31,50.74,51.69,49.91,51.28
2009-01-02,51.35,54.53,51.07,54.36
2009-01-05,55.73,55.74,53.03,54.06
2009-01-06,54.55,58.22,53.75,57.36
2009-01-07,56.29,56.95,55.35,56.2
2009-01-08,54.99,57.32,54.58,57.16
2009-01-09,56.92,57.0,54.7,55.51
2009-01-12,54.12,54.3,50.87,51.92
2009-01-13,50.96,53.29,50.75,51.45
2009-01-14,50.1,50.1,48.14,48.49
2009-01-15,48.56,52.23,47.63,51.44
2009-01-16,51.8,52.33,49.53,51.59
2009-01-20,50.75,51.7,48.27,48.44
2009-01-21,49.31,50.69,48.25,50.54
2009-01-22,49.42,50.88,48.26,49.94
2009-01-23,48.9,51.42,48.45,50.63
2009-01-26,50.18,50.89,48.52,49.63
2009-01-27,49.3,50.42,47.72,48.44
2009-01-28,49.72,51.49,48.97,50.36
2009-01-29,49.96,51.85,49.14,50.0
2009-01-30,57.36,59.74,57.24,58.82
2009-02-02,58.57,62.0,58.13,61.15
2009-02-03,60.87,64.2,60.0,63.59
2009-02-04,63.38,63.44,60.83,61.06
2009-02-05,61.15,63.81,60.63,63.18
2009-02-06,63.18,67.0,63.18,66.55
2009-02-09,66.56,67.36,65.38,66.71
2009-02-10,66.15,67.23,63.07,63.31
2009-02-11,63.1,64.9,62.25,64.354
2009-02-12,63.25,64.25,61.71,63.96
2009-02-13,63.97,64.68,62.87,63.26
2009-02-17,61.67,62.65,61.18,61.67
2009-02-18,62.2706,62.78,60.52,62.35
2009-02-19,62.84,64.18,61.67,61.95
2009-02-20,61.07,64.15,60.84,63.86
2009-02-23,64.16,64.91,61.52,61.71
2009-02-24,61.97,66.1,61.89,65.6
2009-02-25,64.9,65.75,62.82,63.71
2009-02-26,64.12,64.73,62.34,62.34
2009-02-27,61.26,65.08,60.94,64.79
2009-03-02,63.94,65.52,61.51,61.99
2009-03-03,62.75,63.29,61.3,61.7
2009-03-04,62.8,65.79,62.4,64.81
2009-03-05,64.12,65.8,63.6,64.77
2009-03-06,65.2,65.5,59.82,61.69
2009-03-09,62.2,64.03,60.15,60.49
2009-03-10,62.49,65.9,61.7801,65.71
2009-03-11,66.24,69.37,65.27,68.54
2009-03-12,68.35,69.8699,67.25,69.58
2009-03-13,69.64,69.74,67.53,68.63
2009-03-16,68.56,69.295,66.68,66.98
2009-03-17,67.37,71.705,67.0,71.35
2009-03-18,70.97,73.91,70.13,71.25
2009-03-19,71.4,71.91,69.24,70.1
2009-03-20,70.39,70.89,69.08,69.96
2009-03-23,71.36,75.61,70.7,75.58
2009-03-24,74.85,75.0,72.31,72.81
2009-03-25,73.09,73.95,69.84,72.4
2009-03-26,73.47,74.98,72.64,73.69
2009-03-27,71.61,72.29,70.1,70.52
2009-03-30,70.4,71.67,69.75,71.44
2009-03-31,72.61,74.5,72.12,73.44
2009-04-01,73.015,75.09,71.71,73.5
2009-04-02,73.63,77.24,73.44,76.34
2009-04-03,76.42,78.32,75.5,78.17
2009-04-06,77.26,78.36,76.0,77.99
2009-04-07,76.97,77.08,74.88,75.51
2009-04-08,75.93,77.11,74.5703,76.98
2009-04-09,77.51,80.0,77.26,79.77
2009-04-13,79.84,79.97,77.85,78.94
2009-04-14,78.0,79.46,76.94,77.22
2009-04-15,75.5,75.81,73.51,74.71
2009-04-16,75.33,77.48,75.16,77.25
2009-04-17,76.78,78.72,75.88,78.05
2009-04-20,78.44,79.79,76.83,77.57
2009-04-21,77.33,79.1,77.29,78.74
2009-04-22,78.17,82.18,77.81,79.2
2009-04-23,81.33,82.06,79.08,80.61
2009-04-24,82.03,86.68,80.73,84.46
2009-04-27,83.88,84.98,82.21,83.12
2009-04-28,82.68,85.35,82.4,82.4
2009-04-29,82.99,82.99,79.26,79.79
2009-04-30,80.93,82.67,79.89,80.52
2009-05-01,80.38,80.38,77.85,78.96
2009-05-04,80.26,81.35,78.85,79.77
2009-05-05,81.01,82.0,80.19,81.9
2009-05-06,82.88,83.6,79.66,81.99
2009-05-07,82.73,82.75,77.88,79.28
2009-05-08,79.69,80.23,76.31,77.95
2009-05-11,76.8,79.85,76.01,78.61
2009-05-12,78.7,78.97,76.53,77.93
2009-05-13,76.25,76.6503,74.01,74.19
2009-05-14,73.79,76.06,73.31,75.11
2009-05-15,74.54,76.21,73.42,73.6
2009-05-18,73.96,75.96,73.1,75.95
2009-05-19,75.43,78.96,75.12,77.87
2009-05-20,78.5,81.11,77.42,77.97
2009-05-21,76.75,77.97,75.4,75.96
2009-05-22,76.1,77.04,75.02,75.64
2009-05-26,75.03,78.48,74.55,78.39
2009-05-27,78.51,79.5,76.75,77.1
2009-05-28,77.7,79.1,75.88,77.65
2009-05-29,77.72,78.01,76.4,77.99
2009-06-01,78.21,84.8,77.49,83.05
2009-06-02,82.42,85.45,82.1,84.93
2009-06-03,83.31,85.71,83.13,85.68
2009-06-04,85.42,86.4,84.57,85.52
2009-06-05,86.29,87.95,85.3,87.56
2009-06-08,86.75,87.18,85.11,86.36
2009-06-09,86.93,87.67,86.17,87.08
2009-06-10,87.58,88.56,84.83,86.59
2009-06-11,86.3,87.49,85.05,85.69
2009-06-12,85.03,85.2,82.01,84.08
2009-06-15,82.83,83.3,81.0,83.18
2009-06-16,83.7,83.95,81.28,82.15
2009-06-17,82.5,84.3,80.64,82.65
2009-06-18,82.81,82.95,81.0,81.595
2009-06-19,82.15,83.46,81.5,82.96
2009-06-22,82.41,82.43,78.56,79.15
2009-06-23,78.97,79.095,76.25,77.68
2009-06-24,78.0,80.53,77.8,79.27
2009-06-25,79.1,82.23,79.03,82.2
2009-06-26,81.9,84.14,81.13,83.88
2009-06-29,83.87,84.2,82.41,83.03
2009-06-30,83.62,84.92,82.47,83.66
2009-07-01,84.42,84.5,81.37,81.6
2009-07-02,81.11,81.37,78.51,79.32
2009-07-06,78.45,78.89,76.54,78.1
2009-07-07,78.53,78.69,75.41,75.63
2009-07-08,76.46,77.93,75.7,77.36
2009-07-09,78.25,78.54,76.82,78.1
2009-07-10,77.52,78.82,76.17,77.63
2009-07-13,78.07,81.65,78.01,81.47
2009-07-14,81.48,82.42,80.42,81.95
2009-07-15,83.0,84.64,82.78,84.55
2009-07-16,84.42,86.24,83.72,86.11
2009-07-17,85.8,86.5,85.2,85.85
2009-07-20,86.27,88.88,86.26,88.23
2009-07-21,88.52,89.01,87.4,89.01
2009-07-22,88.65,89.2276,87.78,88.79
2009-07-23,89.84,94.4,89.59,93.87
2009-07-24,87.6,88.9,85.5,86.49
2009-07-27,86.24,86.49,83.56,84.24
2009-07-28,83.84,85.64,82.6,84.98
2009-07-29,84.47,85.5,83.52,84.34
2009-07-30,85.64,87.25,85.17,86.09
2009-07-31,85.76,86.75,84.62,85.76
2009-08-03,86.56,88.2,86.56,87.44
2009-08-04,87.48,87.48,84.93,85.8
2009-08-05,85.64,85.75,83.02,84.29
2009-08-06,84.31,84.84,83.05,84.47
2009-08-07,84.1,85.96,84.1,85.32
2009-08-10,85.01,85.47,83.27,84.44
2009-08-11,83.64,84.4,82.45,83.56
2009-08-12,83.42,86.6,83.38,85.96
2009-08-13,85.72,86.37,84.07,84.6
2009-08-14,84.11,84.17,82.78,83.58
2009-08-17,81.16,81.78,80.25,81.06
2009-08-18,81.41,82.6898,80.79,82.12
2009-08-19,80.91,83.0,80.49,83.0
2009-08-20,82.98,84.35,82.66,84.09
2009-08-21,84.78,85.06,83.54,85.0
2009-08-24,85.17,85.59,84.24,84.5
2009-08-25,84.66,86.34,83.95,84.19
2009-08-26,84.1,84.76,83.38,84.0
2009-08-27,84.01,84.85,83.14,84.31
2009-08-28,84.78,84.99,82.57,82.76
2009-08-31,81.93,81.95,80.35,81.19
2009-09-01,80.74,82.42,79.0,79.16
2009-09-02,79.035,80.15,77.8,78.14
2009-09-03,78.39,78.96,77.51,78.46
2009-09-04,78.27,79.78,77.63,78.87
2009-09-08,79.86,81.04,78.87,80.9
2009-09-09,80.5999,82.63,80.5,82.24
2009-09-10,82.33,84.07,82.3,83.85
2009-09-11,84.44,84.9,83.76,84.54
2009-09-14,83.81,84.57,83.46,83.86
2009-09-15,84.17,84.41,82.79,83.55
2009-09-16,85.91,90.98,85.9,90.7
2009-09-17,90.75,91.19,89.0,90.44
2009-09-18,90.74,91.0,89.47,90.28
2009-09-21,89.69,90.76,88.48,90.56
2009-09-22,91.46,94.19,91.1,93.75
2009-09-23,92.82,94.5,92.22,92.38
2009-09-24,92.0,92.71,90.77,92.11
2009-09-25,91.44,92.25,89.75,90.52
2009-09-28,91.04,92.81,90.6,92.21
2009-09-29,91.96,92.33,90.1,91.72
2009-09-30,92.26,94.17,91.43,93.36
2009-10-01,92.5,92.9,90.37,91.04
2009-10-02,90.05,91.14,89.58,89.85
2009-10-05,90.25,90.93,88.27,88.67
2009-10-06,89.33,91.08,88.4,90.91
2009-10-07,91.5,94.48,91.15,93.97
2009-10-08,94.8,96.72,94.23,95.22
2009-10-09,95.0,95.95,94.26,95.71
2009-10-12,96.17,96.25,93.07,93.6
2009-10-13,93.83,95.25,93.6801,94.83
2009-10-14,96.22,97.82,96.02,97.46
2009-10-15,95.13,97.06,95.08,96.01
2009-10-16,95.3,96.12,93.61,95.32
2009-10-19,95.35,96.278,94.25,94.68
2009-10-20,95.91,96.1,94.27,94.98
2009-10-21,95.27,96.63,92.9106,93.42
2009-10-22,93.66,94.1,91.7,93.45
2009-10-23,111.05,119.65,110.62,118.49
2009-10-26,119.21,125.68,118.49,124.6399
2009-10-27,122.93,124.26,119.42,122.07
2009-10-28,121.57,125.12,120.76,121.64
2009-10-29,123.9,124.3,120.12,122.577
2009-10-30,121.9699,122.9,118.21,118.81
2009-11-02,118.66,119.5,116.71,118.84
2009-11-03,117.67,118.88,116.63,118.37
2009-11-04,119.0,119.2499,116.76,117.1
2009-11-05,117.46,120.95,116.25,120.61
2009-11-06,123.0,126.98,122.67,126.2
2009-11-09,127.11,128.32,125.591,126.67
2009-11-10,126.8,130.61,126.0,130.15
2009-11-11,131.08,131.31,128.33,129.91
2009-11-12,129.98,132.15,129.98,130.53
2009-11-13,131.16,132.99,129.75,132.97
2009-11-16,132.12,134.56,130.98,131.59
2009-11-17,131.3999,131.85,129.32,131.25
2009-11-18,130.9,131.41,129.53,131.29
2009-11-19,130.54,130.54,128.48,128.99
2009-11-20,127.76,129.99,127.41,129.66
2009-11-23,131.05,133.0,131.0,133.0
2009-11-24,133.57,134.33,132.22,132.94
2009-11-25,133.31,134.2,132.4,134.03
2009-11-27,130.3,133.0,129.88,131.74
2009-11-30,132.19,136.08,132.16,135.91
2009-12-01,136.94,139.35,135.75,138.5
2009-12-02,139.15,142.67,138.96,142.25
2009-12-03,143.62,145.91,140.77,141.17
2009-12-04,143.42,143.45,135.11,137.58
2009-12-07,138.0,139.0,133.84,134.21
2009-12-08,134.3,136.08,132.87,134.11
2009-12-09,134.6,134.71,129.82,131.31
2009-12-10,132.41,136.19,132.4,135.38
2009-12-11,136.07,136.29,133.2,134.15
2009-12-14,132.5,132.61,129.35,131.38
2009-12-15,130.76,132.46,129.5912,130.23
2009-12-16,130.93,131.45,127.65,128.36
2009-12-17,129.36,130.08,126.9,126.91
2009-12-18,127.91,128.79,125.6474,128.48
2009-12-21,130.48,133.2,130.19,132.79
2009-12-22,133.76,135.99,132.65,133.75
2009-12-23,134.8,139.05,134.35,138.94
2009-12-24,139.2,139.7,137.54,138.47
2009-12-28,139.75,141.98,138.53,139.31
2009-12-29,141.29,142.58,138.55,139.41
2009-12-30,138.4,138.4,135.28,136.49
2009-12-31,137.09,137.28,134.52,134.52
2010-01-04,136.25,136.61,133.14,133.9
2010-01-05,133.43,135.479,131.81,134.69
2010-01-06,134.6,134.73,131.65,132.25
2010-01-07,132.01,132.32,128.8,130.0
2010-01-08,130.56,133.68,129.03,133.52
2010-01-11,132.62,132.8,129.21,130.308
2010-01-12,128.99,129.82,126.55,127.35
2010-01-13,127.9021,129.71,125.75,129.11
2010-01-14,129.14,130.38,126.4,127.35
2010-01-15,129.18,129.65,127.06,127.14
2010-01-19,126.2,128.0,124.33,127.61
2010-01-20,127.13,129.2,125.08,125.78
2010-01-21,127.26,128.15,125.0,126.62
2010-01-22,125.6,127.67,120.76,121.43
2010-01-25,122.1,122.28,118.12,120.31
2010-01-26,120.56,122.98,119.061,119.48
2010-01-27,121.03,123.33,118.8,122.75
2010-01-28,124.43,127.2,122.8,126.03
2010-01-29,129.77,131.8499,124.14,125.41
2010-02-01,123.18,124.86,113.82,118.87
2010-02-02,118.79,118.98,114.4,118.12
2010-02-03,117.12,119.61,116.56,119.1
2010-02-04,118.64,120.33,115.74,115.94
2010-02-05,115.88,117.65,114.1,117.39
2010-02-08,119.375,121.0,116.56,116.83
2010-02-09,118.2,119.09,117.0,118.03
2010-02-10,118.0,118.61,116.0,117.36
2010-02-11,117.21,120.4201,116.5,120.09
2010-02-12,118.99,119.94,117.5,119.66
2010-02-16,120.06,120.5,117.18,117.53
2010-02-17,117.075,117.13,115.55,116.31
2010-02-18,115.8386,118.51,114.82,118.08
